Certificate,Algebra,Geometry,Physics,Computer Science,Russian Language,Literature,History,Biology,Chemistry,Social Studies,Geography,Physical Education,Foreign Language,Safety Basics,Music,Art,Technology,Physics(EGE),Math(EGE),Math(OGE),Prepod_mark,VKR,target
4.88,5.0,5.0,5.0,5.0,5.0,5.0,5.0,5.0,5.0,5.0,5.0,5.0,5.0,4.0,5.0,4.0,5.0,46.0,59.0,5.0,73.6,92.0,7
4.13,4.0,5.0,4.0,4.0,4.0,4.0,4.0,4.0,4.0,4.0,4.0,4.0,4.0,4.0,4.0,5.0,4.0,43.0,27.0,4.0,37.1,74.0,8
4.82,3.0,3.0,4.0,5.0,5.0,5.0,5.0,5.0,5.0,5.0,5.0,5.0,5.0,5.0,5.0,5.0,5.0,45.0,30.0,3.0,21.6,68.0,8
4.83,3.0,4.0,4.0,5.0,5.0,5.0,5.0,5.0,5.0,5.0,5.0,5.0,5.0,5.0,5.0,5.0,5.0,53.0,30.0,3.0,25.7,78.0,8
4.33,4.0,4.0,3.0,4.0,5.0,4.0,5.0,4.0,5.0,4.0,5.0,4.0,5.0,4.0,5.0,4.0,5.0,53.0,30.0,4.0,25.7,90.0,0
4.35,4.0,4.0,4.0,4.0,4.0,4.0,5.0,4.0,5.0,4.0,5.0,4.0,5.0,4.0,5.0,4.0,5.0,44.0,62.0,3.0,71.4,86.0,7
5.0,5.0,5.0,5.0,5.0,5.0,5.0,5.0,5.0,5.0,5.0,5.0,5.0,5.0,5.0,5.0,5.0,5.0,48.0,45.0,4.0,97.9,100.0,3
3.94,4.0,3.0,3.0,4.0,4.0,4.0,4.0,4.0,4.0,4.0,4.0,4.0,4.0,4.0,4.0,4.0,5.0,42.0,33.0,4.0,45.0,83.0,0
4.2,4.0,4.0,4.0,4.0,4.0,4.0,4.0,4.0,4.0,4.0,4.0,5.0,4.0,5.0,4.0,5.0,4.0,41.0,30.0,3.0,38.6,90.0,0
4.08,4.0,4.0,3.0,4.0,4.0,4.0,4.0,4.0,4.0,4.0,4.0,4.0,4.0,5.0,4.0,5.0,4.0,44.0,30.0,4.0,28.6,68.0,8
4.06,4.0,4.0,4.0,4.0,4.0,4.0,4.0,4.0,4.0,4.0,4.0,4.0,4.0,4.0,4.0,5.0,4.0,41.0,33.0,5.0,77.1,92.0,3
4.67,4.0,4.0,4.0,5.0,5.0,5.0,5.0,5.0,5.0,5.0,5.0,5.0,4.0,5.0,4.0,5.0,4.0,45.0,30.0,4.0,27.1,82.0,8
4.19,4.0,4.0,4.0,4.0,4.0,4.0,4.0,4.0,4.0,4.0,4.0,5.0,4.0,5.0,4.0,5.0,4.0,45.0,50.0,4.0,40.0,80.0,6
4.06,4.0,4.0,4.0,4.0,4.0,4.0,4.0,4.0,4.0,4.0,4.0,4.0,4.0,4.0,4.0,5.0,4.0,45.0,39.0,4.0,24.3,74.0,8
3.89,3.0,3.0,3.0,4.0,4.0,4.0,4.0,4.0,4.0,4.0,4.0,4.0,4.0,4.0,4.0,5.0,4.0,51.0,50.0,4.0,48.6,91.0,2
3.5,3.0,4.0,3.0,4.0,4.0,3.0,4.0,3.0,4.0,3.0,4.0,3.0,4.0,3.0,4.0,3.0,4.0,54.0,30.0,3.0,32.4,80.0,0
4.33,4.0,4.0,5.0,4.0,4.0,4.0,4.0,4.0,5.0,4.0,5.0,4.0,5.0,4.0,5.0,4.0,5.0,53.0,50.0,4.0,57.1,91.0,2
4.9,5.0,4.0,5.0,5.0,5.0,5.0,5.0,5.0,5.0,5.0,5.0,5.0,5.0,5.0,5.0,5.0,4.0,44.0,30.0,5.0,55.7,90.0,2
4.29,4.0,4.0,4.0,4.0,4.0,4.0,4.0,4.0,5.0,4.0,5.0,4.0,5.0,4.0,5.0,4.0,5.0,42.0,45.0,5.0,87.9,95.0,3
3.88,3.0,3.0,5.0,4.0,4.0,4.0,4.0,4.0,4.0,4.0,4.0,4.0,4.0,4.0,4.0,3.0,4.0,49.0,56.0,5.0,60.0,74.0,9
5.0,5.0,5.0,5.0,5.0,5.0,5.0,5.0,5.0,5.0,5.0,5.0,5.0,5.0,5.0,5.0,5.0,5.0,55.0,33.0,4.0,95.7,98.0,3
4.7,3.0,3.0,3.0,5.0,5.0,5.0,5.0,5.0,5.0,5.0,5.0,5.0,5.0,5.0,5.0,5.0,5.0,54.0,30.0,4.0,18.6,78.0,8
4.67,4.0,4.0,5.0,5.0,5.0,5.0,5.0,5.0,5.0,5.0,4.0,5.0,4.0,5.0,4.0,5.0,4.0,49.0,39.0,4.0,55.0,74.0,9
4.25,4.0,4.0,4.0,4.0,4.0,4.0,4.0,4.0,4.0,5.0,4.0,5.0,4.0,5.0,4.0,5.0,4.0,59.0,72.0,5.0,85.7,97.0,7
4.79,4.0,5.0,5.0,5.0,5.0,5.0,5.0,5.0,5.0,5.0,5.0,5.0,4.0,5.0,4.0,5.0,4.0,47.0,50.0,5.0,95.4,100.0,3
4.06,4.0,4.0,4.0,4.0,4.0,4.0,4.0,4.0,4.0,4.0,4.0,4.0,4.0,4.0,4.0,5.0,4.0,48.0,33.0,4.0,82.1,91.0,3
4.25,4.0,4.0,4.0,4.0,4.0,4.0,4.0,4.0,4.0,5.0,4.0,5.0,4.0,5.0,4.0,5.0,4.0,48.0,50.0,4.0,71.0,90.0,7
4.41,5.0,5.0,4.0,4.0,4.0,4.0,4.0,4.0,5.0,4.0,5.0,4.0,5.0,4.0,5.0,4.0,5.0,47.0,60.0,5.0,86.0,91.0,7
4.87,3.0,3.0,3.0,5.0,5.0,5.0,5.0,5.0,5.0,5.0,5.0,5.0,5.0,5.0,5.0,5.0,5.0,39.0,30.0,3.0,41.0,76.0,8
5.0,5.0,5.0,5.0,5.0,5.0,5.0,5.0,5.0,5.0,5.0,5.0,5.0,5.0,5.0,5.0,5.0,5.0,51.0,68.0,5.0,91.6,94.0,7
3.44,4.0,4.0,3.0,3.0,3.0,3.0,3.0,4.0,3.0,4.0,3.0,4.0,3.0,4.0,3.0,4.0,3.0,43.0,39.0,4.0,37.5,85.0,0
4.19,4.0,4.0,4.0,4.0,4.0,4.0,4.0,4.0,4.0,4.0,4.0,5.0,4.0,5.0,4.0,5.0,4.0,57.0,56.0,4.0,29.0,83.0,6
4.24,4.0,5.0,4.0,4.0,4.0,4.0,4.0,4.0,4.0,4.0,4.0,5.0,4.0,5.0,4.0,5.0,4.0,43.0,45.0,4.0,36.0,79.0,8
3.63,3.0,4.0,4.0,4.0,4.0,4.0,4.0,3.0,4.0,3.0,4.0,3.0,4.0,3.0,4.0,3.0,4.0,40.0,33.0,4.0,15.0,71.0,8
4.61,4.0,4.0,5.0,5.0,5.0,5.0,5.0,5.0,4.0,5.0,4.0,5.0,4.0,5.0,4.0,5.0,4.0,57.0,62.0,5.0,98.0,100.0,7
4.76,4.0,5.0,5.0,5.0,5.0,5.0,5.0,5.0,5.0,5.0,5.0,4.0,5.0,4.0,5.0,4.0,5.0,67.0,45.0,5.0,87.0,94.0,3
3.92,4.0,4.0,4.0,4.0,4.0,4.0,4.0,4.0,4.0,4.0,4.0,4.0,4.0,4.0,4.0,3.0,4.0,38.0,48.0,4.0,66.0,76.0,9
4.17,3.0,3.0,3.0,4.0,4.0,4.0,5.0,4.0,5.0,4.0,5.0,4.0,5.0,4.0,5.0,4.0,5.0,37.0,40.0,3.0,21.0,64.0,8
3.72,3.0,3.0,3.0,4.0,4.0,4.0,4.0,4.0,4.0,4.0,4.0,4.0,4.0,4.0,3.0,4.0,3.0,55.0,39.0,3.0,13.0,68.0,8
4.69,4.0,4.0,5.0,5.0,5.0,5.0,5.0,5.0,5.0,5.0,5.0,4.0,5.0,4.0,5.0,4.0,5.0,57.0,68.0,5.0,74.0,98.0,7
4.04,3.0,3.0,3.0,4.0,4.0,4.0,4.0,4.0,4.0,4.0,5.0,4.0,5.0,4.0,5.0,4.0,5.0,39.0,33.0,3.0,89.0,93.0,3
4.06,4.0,4.0,4.0,4.0,4.0,4.0,4.0,4.0,4.0,4.0,4.0,4.0,4.0,4.0,4.0,5.0,4.0,52.0,39.0,4.0,58.0,90.0,2
4.24,4.0,4.0,4.0,4.0,4.0,4.0,4.0,4.0,4.0,5.0,4.0,5.0,4.0,5.0,4.0,5.0,4.0,38.0,30.0,4.0,38.0,77.0,8
4.71,4.0,3.0,4.0,5.0,5.0,5.0,5.0,5.0,5.0,5.0,5.0,5.0,5.0,5.0,5.0,5.0,4.0,40.0,30.0,4.0,83.0,98.0,3
4.41,3.0,4.0,5.0,4.0,5.0,4.0,5.0,4.0,5.0,4.0,5.0,4.0,5.0,4.0,5.0,4.0,5.0,58.0,33.0,4.0,32.0,90.0,0
3.76,4.0,4.0,3.0,4.0,4.0,4.0,4.0,4.0,4.0,4.0,4.0,3.0,4.0,3.0,4.0,3.0,4.0,47.0,27.0,4.0,27.5,73.0,8
3.74,3.0,3.0,3.0,4.0,4.0,4.0,4.0,4.0,4.0,4.0,4.0,4.0,4.0,4.0,4.0,3.0,4.0,42.0,30.0,3.0,20.0,69.0,8
4.44,4.0,5.0,4.0,4.0,4.0,5.0,4.0,5.0,4.0,5.0,4.0,5.0,4.0,5.0,4.0,5.0,4.0,49.0,56.0,4.0,35.8,86.0,6
4.06,3.0,3.0,3.0,4.0,4.0,4.0,4.0,4.0,4.0,5.0,4.0,5.0,4.0,5.0,4.0,5.0,4.0,36.0,42.0,5.0,26.0,65.0,8
3.75,3.0,3.0,3.0,4.0,4.0,4.0,4.0,4.0,4.0,4.0,4.0,4.0,4.0,4.0,4.0,3.0,4.0,53.0,30.0,3.0,30.8,73.0,8
4.2,4.0,3.0,4.0,4.0,4.0,4.0,4.0,4.0,4.0,5.0,4.0,5.0,4.0,5.0,4.0,5.0,4.0,55.0,68.0,4.0,41.0,73.0,6
3.41,3.0,3.0,3.0,3.0,4.0,3.0,4.0,3.0,4.0,3.0,4.0,3.0,4.0,3.0,4.0,3.0,4.0,45.0,45.0,4.0,14.0,0.0,5
3.98,3.0,3.0,3.0,4.0,4.0,4.0,4.0,4.0,4.0,4.0,4.0,4.0,5.0,4.0,5.0,4.0,5.0,42.0,34.0,3.0,20.0,72.0,8
4.24,4.0,4.0,4.0,4.0,4.0,4.0,4.0,4.0,4.0,5.0,4.0,5.0,4.0,5.0,4.0,5.0,4.0,44.0,27.0,4.0,26.0,80.0,8
3.81,3.0,3.0,3.0,4.0,4.0,4.0,4.0,4.0,4.0,4.0,4.0,4.0,4.0,4.0,4.0,4.0,4.0,42.0,50.0,4.0,48.3,76.0,9
4.79,4.0,4.0,3.0,5.0,5.0,5.0,5.0,5.0,5.0,5.0,5.0,5.0,5.0,5.0,5.0,5.0,5.0,38.0,44.0,4.0,40.0,76.0,8
4.79,3.0,3.0,3.0,5.0,5.0,5.0,5.0,5.0,5.0,5.0,5.0,5.0,5.0,5.0,5.0,5.0,5.0,44.0,30.0,4.0,60.0,86.0,2
4.67,3.0,3.0,3.0,5.0,5.0,5.0,5.0,5.0,5.0,5.0,5.0,5.0,5.0,5.0,5.0,5.0,5.0,46.0,30.0,3.0,51.7,86.0,2
3.33,4.0,4.0,3.0,3.0,3.0,3.0,3.0,3.0,3.0,3.0,4.0,3.0,4.0,3.0,4.0,3.0,4.0,42.0,47.0,4.0,13.0,69.0,8
4.04,3.0,3.0,3.0,4.0,4.0,4.0,4.0,4.0,4.0,4.0,5.0,4.0,5.0,4.0,5.0,4.0,5.0,44.0,30.0,3.0,10.0,0.0,5
4.13,4.0,4.0,3.0,4.0,4.0,4.0,4.0,4.0,4.0,4.0,4.0,5.0,4.0,5.0,4.0,5.0,4.0,48.0,45.0,4.0,80.0,93.0,3
4.56,5.0,4.0,5.0,5.0,5.0,4.0,5.0,4.0,5.0,4.0,5.0,4.0,5.0,4.0,5.0,4.0,5.0,66.0,76.0,5.0,99.2,100.0,7
4.3,5.0,4.0,4.0,4.0,4.0,4.0,4.0,4.0,4.0,5.0,4.0,5.0,4.0,5.0,4.0,5.0,4.0,52.0,39.0,4.0,37.0,72.0,8
4.8,4.0,4.0,4.0,5.0,5.0,5.0,5.0,5.0,5.0,5.0,5.0,5.0,5.0,5.0,5.0,5.0,5.0,51.0,31.0,4.0,48.3,91.0,2
4.85,5.0,5.0,5.0,5.0,5.0,5.0,5.0,5.0,5.0,5.0,5.0,5.0,4.0,5.0,4.0,5.0,4.0,41.0,56.0,5.0,24.0,77.0,6
4.31,4.0,4.0,4.0,4.0,4.0,4.0,4.0,5.0,4.0,5.0,4.0,5.0,4.0,5.0,4.0,5.0,4.0,41.0,33.0,5.0,32.0,72.0,8
3.32,3.0,3.0,3.0,3.0,3.0,3.0,3.0,4.0,3.0,4.0,3.0,4.0,3.0,4.0,3.0,4.0,3.0,44.0,33.0,3.0,95.8,90.0,3
4.18,3.0,3.0,3.0,4.0,4.0,5.0,4.0,5.0,4.0,5.0,4.0,5.0,4.0,5.0,4.0,5.0,4.0,38.0,30.0,3.0,18.3,74.0,8
4.2,3.0,3.0,3.0,4.0,4.0,5.0,4.0,5.0,4.0,5.0,4.0,5.0,4.0,5.0,4.0,5.0,4.0,39.0,33.0,3.0,38.75,78.0,8
4.0,3.0,3.0,3.0,4.0,4.0,4.0,4.0,4.0,4.0,4.0,4.0,5.0,4.0,5.0,4.0,5.0,4.0,36.0,68.0,4.0,45.12,68.0,6
4.2,3.0,4.0,4.0,4.0,4.0,4.0,4.0,4.0,4.0,5.0,4.0,5.0,4.0,5.0,4.0,5.0,4.0,42.0,50.0,4.0,55.56,72.0,9
4.9,5.0,5.0,5.0,5.0,5.0,5.0,5.0,5.0,5.0,5.0,5.0,5.0,5.0,5.0,4.0,5.0,4.0,50.0,39.0,5.0,72.45,83.0,3
3.9,4.0,4.0,4.0,4.0,4.0,4.0,4.0,4.0,4.0,4.0,4.0,4.0,4.0,4.0,3.0,4.0,3.0,38.0,39.0,4.0,41.45,80.0,8
4.0,4.0,3.0,3.0,4.0,4.0,4.0,4.0,4.0,4.0,4.0,4.0,4.0,4.0,5.0,4.0,5.0,4.0,38.0,30.0,3.0,23.33,65.0,8
4.1,3.0,4.0,4.0,4.0,4.0,4.0,4.0,4.0,4.0,4.0,4.0,4.0,5.0,4.0,5.0,4.0,5.0,48.0,56.0,4.0,55.12,76.0,9
4.35,5.0,4.0,5.0,4.0,4.0,4.0,4.0,4.0,4.0,4.0,5.0,4.0,5.0,4.0,5.0,4.0,5.0,54.0,68.0,5.0,68.44,72.0,7
4.7,5.0,4.0,4.0,5.0,5.0,5.0,5.0,5.0,5.0,5.0,5.0,4.0,5.0,4.0,5.0,4.0,5.0,38.0,40.0,4.0,82.73,65.0,9
4.2,4.0,4.0,4.0,4.0,4.0,4.0,4.0,4.0,4.0,4.0,4.0,5.0,4.0,5.0,4.0,5.0,4.0,60.0,72.0,4.0,28.33,90.0,6
4.8,5.0,5.0,4.0,5.0,5.0,5.0,5.0,5.0,5.0,5.0,5.0,5.0,5.0,4.0,5.0,4.0,5.0,36.0,50.0,5.0,89.45,0.0,4
3.95,4.0,4.0,4.0,4.0,4.0,4.0,4.0,4.0,4.0,4.0,4.0,4.0,4.0,4.0,4.0,4.0,3.0,47.0,30.0,4.0,35.62,90.0,0
4.3,4.0,4.0,4.0,4.0,4.0,4.0,4.0,5.0,4.0,5.0,4.0,5.0,4.0,5.0,4.0,5.0,4.0,45.0,45.0,4.0,94.18,65.0,3
4.2,4.0,4.0,3.0,4.0,4.0,4.0,4.0,4.0,4.0,5.0,4.0,5.0,4.0,5.0,4.0,5.0,4.0,45.0,30.0,4.0,75.0,100.0,3
4.3,5.0,4.0,4.0,4.0,4.0,4.0,4.0,4.0,4.0,5.0,4.0,5.0,4.0,5.0,4.0,5.0,4.0,54.0,30.0,5.0,89.73,94.0,3
4.3,3.0,3.0,4.0,5.0,4.0,5.0,4.0,5.0,4.0,5.0,4.0,5.0,4.0,5.0,4.0,5.0,4.0,56.0,45.0,5.0,61.0,90.0,2
3.5,3.0,3.0,3.0,4.0,4.0,4.0,4.0,3.0,4.0,3.0,4.0,3.0,4.0,3.0,4.0,3.0,4.0,41.0,50.0,3.0,32.78,74.0,6
4.0,4.0,3.0,4.0,4.0,4.0,4.0,4.0,4.0,4.0,4.0,4.0,4.0,4.0,4.0,4.0,5.0,4.0,46.0,56.0,4.0,40.62,0.0,1
4.3,4.0,4.0,4.0,4.0,4.0,4.0,4.0,5.0,4.0,5.0,4.0,5.0,4.0,5.0,4.0,5.0,4.0,36.0,39.0,4.0,55.55,66.0,9
4.2,4.0,4.0,4.0,4.0,4.0,4.0,4.0,4.0,4.0,4.0,4.0,5.0,4.0,5.0,4.0,5.0,4.0,44.0,50.0,4.0,57.73,87.0,2
3.75,4.0,4.0,3.0,4.0,4.0,4.0,4.0,4.0,4.0,4.0,4.0,3.0,4.0,3.0,4.0,3.0,4.0,46.0,30.0,4.0,85.73,84.0,3
3.41,3.0,3.0,3.0,3.0,4.0,3.0,4.0,3.0,4.0,3.0,4.0,3.0,4.0,3.0,4.0,3.0,4.0,45.0,45.0,4.0,23.33,93.0,0
4.01,3.0,3.0,3.0,4.0,4.0,4.0,4.0,4.0,4.0,4.0,4.0,4.0,4.0,4.0,4.0,4.0,4.0,45.0,30.0,3.0,29.08,69.0,8
4.17,4.0,4.0,3.0,4.0,4.0,4.0,4.0,4.0,4.0,4.0,4.0,4.0,4.0,5.0,4.0,5.0,4.0,42.0,31.0,4.0,29.97,69.0,8
3.76,3.0,3.0,3.0,4.0,4.0,4.0,4.0,4.0,4.0,4.0,4.0,3.0,4.0,3.0,4.0,3.0,4.0,49.0,28.0,3.0,28.97,73.0,8
4.06,4.0,4.0,3.0,4.0,4.0,4.0,4.0,4.0,4.0,4.0,4.0,4.0,4.0,4.0,4.0,5.0,4.0,44.0,38.0,4.0,24.73,73.0,8
4.44,4.0,4.0,4.0,4.0,4.0,4.0,4.0,4.0,4.0,5.0,4.0,5.0,4.0,5.0,4.0,5.0,4.0,44.0,28.0,4.0,26.51,80.0,8
4.15,3.0,3.0,4.0,4.0,4.0,4.0,4.0,4.0,4.0,4.0,4.0,4.0,4.0,4.0,4.0,4.0,4.0,43.0,50.0,4.0,56.25,72.0,9
4.28,3.0,4.0,4.0,4.0,4.0,4.0,4.0,4.0,4.0,5.0,4.0,5.0,4.0,5.0,4.0,5.0,4.0,36.0,40.0,4.0,55.55,66.0,9
4.2,4.0,3.0,4.0,4.0,4.0,4.0,4.0,4.0,4.0,4.0,4.0,5.0,4.0,5.0,4.0,5.0,4.0,55.0,67.0,4.0,40.3,73.0,6
4.35,4.0,4.0,4.0,4.0,4.0,4.0,4.0,5.0,4.0,5.0,4.0,5.0,4.0,5.0,4.0,5.0,4.0,37.0,39.0,4.0,55.47,67.0,9
4.07,3.0,3.0,5.0,4.0,4.0,4.0,4.0,4.0,4.0,4.0,4.0,4.0,4.0,4.0,4.0,3.0,4.0,50.0,60.0,5.0,63.37,73.0,9
4.02,3.0,3.0,3.0,4.0,4.0,4.0,4.0,4.0,4.0,4.0,4.0,4.0,4.0,4.0,4.0,4.0,4.0,51.0,50.0,4.0,51.08,91.0,2
3.93,4.0,4.0,4.0,4.0,4.0,4.0,4.0,4.0,4.0,4.0,4.0,4.0,4.0,4.0,4.0,3.0,4.0,38.0,48.0,4.0,65.83,76.0,9
4.8,3.0,3.0,3.0,5.0,5.0,5.0,5.0,5.0,5.0,5.0,5.0,5.0,5.0,5.0,5.0,5.0,5.0,48.0,30.0,4.0,53.0,88.0,2
3.95,3.0,3.0,3.0,4.0,4.0,4.0,4.0,4.0,4.0,4.0,4.0,4.0,4.0,4.0,3.0,4.0,3.0,38.0,38.0,3.0,41.03,79.0,8
4.34,3.0,3.0,3.0,4.0,4.0,4.0,4.0,4.0,4.0,5.0,4.0,5.0,4.0,5.0,4.0,5.0,4.0,38.0,30.0,3.0,38.47,76.0,8
3.53,3.0,4.0,3.0,4.0,4.0,3.0,4.0,3.0,4.0,3.0,4.0,3.0,4.0,3.0,4.0,3.0,3.0,53.0,30.0,3.0,32.59,80.0,0
4.25,4.0,4.0,4.0,4.0,4.0,4.0,4.0,4.0,4.0,4.0,4.0,5.0,4.0,5.0,4.0,5.0,4.0,44.0,44.0,4.0,36.13,78.0,8
4.1,3.0,3.0,3.0,4.0,4.0,4.0,4.0,4.0,4.0,4.0,4.0,4.0,4.0,4.0,4.0,4.0,4.0,40.0,33.0,3.0,41.24,79.0,8
4.05,4.0,3.0,4.0,4.0,4.0,4.0,4.0,4.0,4.0,4.0,4.0,4.0,4.0,4.0,4.0,4.0,4.0,45.0,55.0,4.0,43.63,0.0,1
4.04,4.0,4.0,4.0,4.0,5.0,4.0,5.0,4.0,5.0,4.0,5.0,4.0,5.0,4.0,5.0,4.0,5.0,44.0,30.0,3.0,10.0,0.0,5
4.04,3.0,3.0,3.0,4.0,4.0,4.0,4.0,4.0,4.0,4.0,4.0,4.0,4.0,4.0,4.0,4.0,4.0,44.0,30.0,3.0,10.24,0.0,5
3.94,3.0,3.0,3.0,3.0,5.0,3.0,5.0,3.0,5.0,3.0,5.0,3.0,5.0,3.0,5.0,3.0,5.0,41.0,46.0,4.0,42.86,0.0,1
4.02,3.0,3.0,3.0,4.0,4.0,4.0,4.0,4.0,4.0,4.0,4.0,4.0,4.0,4.0,4.0,4.0,4.0,45.0,45.0,3.0,28.73,0.0,1
4.79,5.0,5.0,5.0,5.0,5.0,5.0,5.0,5.0,5.0,5.0,5.0,5.0,5.0,5.0,5.0,5.0,5.0,36.0,50.0,4.0,89.11,0.0,4
3.99,3.0,3.0,3.0,3.0,5.0,3.0,5.0,3.0,5.0,3.0,5.0,3.0,5.0,3.0,5.0,5.0,5.0,45.0,55.0,4.0,40.01,0.0,1
4.14,4.0,4.0,3.0,4.0,4.0,4.0,4.0,4.0,4.0,4.0,4.0,4.0,4.0,3.0,4.0,3.0,4.0,40.0,47.0,4.0,53.6,0.0,1
4.48,4.0,4.0,4.0,4.0,4.0,4.0,4.0,4.0,4.0,4.0,4.0,4.0,4.0,4.0,4.0,4.0,4.0,39.0,52.0,4.0,69.93,0.0,4
4.0,3.0,3.0,3.0,4.0,4.0,4.0,4.0,4.0,4.0,4.0,4.0,4.0,4.0,4.0,4.0,4.0,4.0,45.0,54.0,3.0,39.2,0.0,1
4.04,3.0,3.0,3.0,4.0,4.0,4.0,4.0,4.0,4.0,4.0,4.0,4.0,4.0,4.0,4.0,4.0,4.0,44.0,30.0,3.0,10.8,0.0,5
4.48,5.0,5.0,4.0,5.0,5.0,5.0,5.0,5.0,5.0,5.0,5.0,5.0,5.0,4.0,5.0,4.0,5.0,38.0,48.0,4.0,71.89,0.0,4
4.04,3.0,3.0,3.0,4.0,4.0,4.0,4.0,4.0,4.0,4.0,4.0,4.0,4.0,4.0,4.0,4.0,4.0,44.0,32.0,3.0,12.77,0.0,5
3.65,3.0,3.0,3.0,3.0,4.0,3.0,4.0,3.0,4.0,3.0,4.0,3.0,4.0,3.0,4.0,3.0,4.0,44.0,39.0,3.0,12.47,0.0,5
4.27,4.0,4.0,3.0,4.0,4.0,4.0,4.0,4.0,4.0,4.0,4.0,4.0,4.0,3.0,4.0,3.0,4.0,39.0,48.0,4.0,60.6,0.0,4
3.43,3.0,3.0,3.0,3.0,4.0,3.0,4.0,3.0,4.0,3.0,4.0,3.0,4.0,3.0,4.0,3.0,4.0,44.0,45.0,4.0,15.27,0.0,5
4.06,4.0,4.0,4.0,4.0,5.0,4.0,5.0,4.0,5.0,4.0,5.0,4.0,5.0,4.0,5.0,4.0,5.0,40.0,47.0,4.0,49.22,0.0,1
4.69,4.0,4.0,3.0,4.0,4.0,4.0,4.0,4.0,4.0,4.0,5.0,4.0,5.0,4.0,5.0,4.0,5.0,37.0,47.0,4.0,78.33,0.0,4
4.01,3.0,3.0,3.0,4.0,4.0,4.0,4.0,4.0,4.0,4.0,4.0,4.0,4.0,4.0,4.0,4.0,4.0,45.0,47.0,3.0,30.83,0.0,1
3.68,3.0,3.0,3.0,3.0,4.0,3.0,4.0,3.0,4.0,3.0,4.0,3.0,4.0,3.0,4.0,3.0,4.0,45.0,49.0,4.0,25.99,0.0,1
4.78,5.0,5.0,4.0,5.0,5.0,5.0,5.0,5.0,5.0,5.0,5.0,5.0,5.0,4.0,5.0,4.0,5.0,36.0,49.0,4.0,88.45,0.0,4
4.75,5.0,5.0,5.0,5.0,5.0,5.0,5.0,5.0,5.0,5.0,5.0,5.0,5.0,5.0,5.0,5.0,5.0,36.0,50.0,4.0,86.63,0.0,4
4.04,3.0,3.0,3.0,4.0,4.0,4.0,4.0,4.0,4.0,4.0,4.0,4.0,4.0,4.0,4.0,4.0,4.0,44.0,30.0,3.0,10.64,0.0,5
4.01,3.0,3.0,3.0,4.0,4.0,4.0,4.0,4.0,4.0,4.0,4.0,4.0,4.0,4.0,4.0,4.0,4.0,45.0,51.0,3.0,35.59,0.0,1
3.81,3.0,3.0,3.0,3.0,4.0,3.0,4.0,3.0,4.0,3.0,4.0,3.0,4.0,3.0,4.0,3.0,4.0,45.0,48.0,3.0,27.96,0.0,1
3.64,3.0,3.0,3.0,3.0,4.0,3.0,4.0,3.0,4.0,3.0,4.0,3.0,4.0,3.0,4.0,3.0,4.0,44.0,39.0,3.0,12.54,0.0,5
4.04,4.0,4.0,4.0,4.0,5.0,4.0,5.0,4.0,5.0,4.0,5.0,4.0,5.0,4.0,5.0,4.0,5.0,44.0,30.0,3.0,10.15,0.0,5
4.0,4.0,4.0,4.0,4.0,5.0,4.0,5.0,4.0,5.0,4.0,5.0,4.0,5.0,4.0,5.0,4.0,5.0,44.0,46.0,3.0,32.88,0.0,1
4.01,4.0,4.0,4.0,4.0,5.0,4.0,5.0,4.0,5.0,4.0,5.0,4.0,5.0,4.0,5.0,4.0,5.0,44.0,46.0,3.0,31.61,0.0,1
4.04,4.0,4.0,4.0,4.0,5.0,4.0,5.0,4.0,5.0,4.0,5.0,4.0,5.0,4.0,5.0,4.0,5.0,44.0,31.0,3.0,12.63,0.0,5
3.67,3.0,3.0,3.0,3.0,4.0,3.0,4.0,3.0,4.0,3.0,4.0,3.0,4.0,3.0,4.0,3.0,4.0,45.0,48.0,4.0,25.58,0.0,1
4.04,4.0,4.0,4.0,4.0,5.0,4.0,5.0,4.0,5.0,4.0,5.0,4.0,5.0,4.0,5.0,4.0,5.0,44.0,30.0,3.0,10.65,0.0,5
4.04,4.0,4.0,4.0,4.0,5.0,4.0,5.0,4.0,5.0,4.0,5.0,4.0,5.0,4.0,5.0,4.0,5.0,44.0,30.0,3.0,10.56,0.0,5
3.43,3.0,3.0,3.0,3.0,4.0,3.0,4.0,3.0,4.0,3.0,4.0,3.0,4.0,3.0,4.0,3.0,4.0,44.0,44.0,3.0,13.85,0.0,5
3.77,3.0,3.0,3.0,3.0,4.0,3.0,4.0,3.0,4.0,3.0,4.0,3.0,4.0,3.0,4.0,3.0,4.0,44.0,36.0,3.0,11.77,0.0,5
3.76,3.0,3.0,3.0,3.0,4.0,3.0,4.0,3.0,4.0,3.0,4.0,3.0,4.0,3.0,4.0,3.0,4.0,44.0,45.0,3.0,22.81,0.0,5
3.44,3.0,3.0,3.0,3.0,4.0,3.0,4.0,3.0,4.0,3.0,4.0,3.0,4.0,3.0,4.0,3.0,4.0,44.0,44.0,3.0,13.81,0.0,5
3.84,3.0,3.0,3.0,3.0,5.0,3.0,5.0,3.0,5.0,3.0,5.0,3.0,5.0,3.0,5.0,3.0,5.0,44.0,34.0,3.0,11.25,0.0,5
4.03,4.0,4.0,4.0,4.0,5.0,4.0,5.0,4.0,5.0,4.0,5.0,4.0,5.0,4.0,5.0,4.0,5.0,44.0,32.0,3.0,12.76,0.0,5
4.04,4.0,4.0,4.0,4.0,5.0,4.0,5.0,4.0,5.0,4.0,5.0,4.0,5.0,4.0,5.0,4.0,5.0,44.0,30.0,3.0,10.22,0.0,5
3.97,3.0,3.0,3.0,3.0,5.0,3.0,5.0,3.0,5.0,3.0,5.0,3.0,5.0,3.0,5.0,3.0,5.0,42.0,48.0,4.0,43.06,0.0,1
3.91,3.0,3.0,3.0,3.0,5.0,3.0,5.0,3.0,5.0,3.0,5.0,3.0,5.0,3.0,5.0,3.0,5.0,45.0,46.0,3.0,27.81,0.0,1
4.04,3.0,3.0,3.0,4.0,4.0,4.0,4.0,4.0,4.0,4.0,4.0,4.0,4.0,4.0,4.0,4.0,4.0,44.0,31.0,3.0,11.91,0.0,5
4.04,4.0,4.0,4.0,4.0,5.0,4.0,5.0,4.0,5.0,4.0,5.0,4.0,5.0,4.0,5.0,4.0,5.0,44.0,30.0,3.0,10.42,0.0,5
3.97,3.0,3.0,3.0,3.0,5.0,3.0,5.0,3.0,5.0,3.0,5.0,3.0,5.0,3.0,5.0,3.0,5.0,42.0,49.0,3.0,41.2,0.0,1
4.04,4.0,4.0,4.0,4.0,5.0,4.0,5.0,4.0,5.0,4.0,5.0,4.0,5.0,4.0,5.0,4.0,5.0,44.0,31.0,3.0,12.26,0.0,5
4.0,3.0,3.0,3.0,3.0,5.0,3.0,5.0,3.0,5.0,3.0,5.0,3.0,5.0,3.0,5.0,5.0,5.0,45.0,55.0,4.0,40.6,0.0,1
3.74,3.0,3.0,3.0,3.0,4.0,3.0,4.0,3.0,4.0,3.0,4.0,3.0,4.0,3.0,4.0,3.0,4.0,44.0,37.0,3.0,12.54,0.0,5
3.98,3.0,3.0,3.0,3.0,5.0,3.0,5.0,3.0,5.0,3.0,5.0,3.0,5.0,3.0,5.0,3.0,5.0,45.0,53.0,3.0,38.4,0.0,1
4.01,3.0,3.0,3.0,4.0,4.0,4.0,4.0,4.0,4.0,4.0,4.0,4.0,4.0,4.0,4.0,4.0,4.0,45.0,47.0,3.0,31.86,0.0,1
3.52,3.0,3.0,3.0,3.0,4.0,3.0,4.0,3.0,4.0,3.0,4.0,3.0,4.0,3.0,4.0,3.0,4.0,44.0,42.0,3.0,14.14,0.0,5
3.45,3.0,3.0,3.0,3.0,4.0,3.0,4.0,3.0,4.0,3.0,4.0,3.0,4.0,3.0,4.0,3.0,4.0,44.0,44.0,3.0,15.05,0.0,5
4.0,3.0,3.0,3.0,4.0,4.0,4.0,4.0,4.0,4.0,4.0,4.0,4.0,4.0,4.0,4.0,4.0,4.0,45.0,54.0,3.0,39.33,0.0,1
3.61,3.0,3.0,3.0,3.0,4.0,3.0,4.0,3.0,4.0,3.0,4.0,3.0,4.0,3.0,4.0,3.0,4.0,44.0,40.0,3.0,13.02,0.0,5
4.68,4.0,4.0,4.0,4.0,4.0,4.0,4.0,4.0,4.0,4.0,4.0,5.0,4.0,5.0,4.0,5.0,4.0,49.0,40.0,4.0,74.65,85.0,3
4.83,5.0,4.0,5.0,5.0,5.0,4.0,5.0,4.0,5.0,4.0,5.0,4.0,5.0,4.0,5.0,4.0,5.0,56.0,71.0,5.0,94.55,96.0,7
4.87,5.0,5.0,5.0,5.0,5.0,5.0,5.0,5.0,5.0,5.0,5.0,5.0,5.0,5.0,5.0,5.0,5.0,46.0,43.0,3.0,96.66,99.0,3
4.42,5.0,5.0,4.0,5.0,5.0,5.0,5.0,5.0,5.0,5.0,5.0,4.0,5.0,4.0,5.0,4.0,5.0,40.0,37.0,4.0,83.61,70.0,3
4.76,4.0,4.0,5.0,5.0,5.0,5.0,5.0,5.0,5.0,5.0,5.0,4.0,5.0,4.0,5.0,4.0,5.0,52.0,64.0,5.0,73.85,95.0,7
4.22,4.0,4.0,3.0,4.0,4.0,4.0,4.0,4.0,4.0,4.0,4.0,4.0,4.0,4.0,4.0,4.0,4.0,44.0,45.0,4.0,84.3,94.0,3
4.3,4.0,4.0,3.0,4.0,4.0,4.0,4.0,4.0,4.0,4.0,4.0,5.0,4.0,5.0,4.0,5.0,4.0,48.0,43.0,4.0,78.38,90.0,3
4.25,4.0,4.0,4.0,4.0,4.0,4.0,4.0,4.0,4.0,4.0,4.0,4.0,4.0,4.0,4.0,5.0,4.0,52.0,30.0,4.0,88.21,93.0,3
4.85,4.0,4.0,5.0,5.0,5.0,5.0,5.0,5.0,5.0,5.0,5.0,4.0,5.0,4.0,5.0,4.0,5.0,53.0,68.0,5.0,83.05,95.0,7
4.09,4.0,4.0,3.0,4.0,4.0,4.0,4.0,4.0,4.0,4.0,4.0,4.0,4.0,4.0,4.0,5.0,4.0,48.0,37.0,4.0,81.24,91.0,3
4.22,4.0,3.0,3.0,4.0,4.0,4.0,4.0,4.0,4.0,5.0,4.0,5.0,4.0,5.0,4.0,5.0,4.0,44.0,30.0,4.0,75.37,99.0,3
4.34,4.0,4.0,4.0,4.0,4.0,4.0,4.0,4.0,4.0,4.0,4.0,4.0,4.0,4.0,4.0,4.0,4.0,50.0,33.0,3.0,95.74,94.0,3
4.76,5.0,5.0,5.0,5.0,5.0,5.0,5.0,5.0,5.0,5.0,5.0,5.0,5.0,5.0,5.0,5.0,5.0,48.0,37.0,5.0,73.24,84.0,3
4.41,4.0,4.0,4.0,4.0,4.0,4.0,4.0,4.0,5.0,4.0,5.0,4.0,5.0,4.0,5.0,4.0,5.0,46.0,60.0,4.0,85.05,90.0,7
4.28,4.0,4.0,4.0,4.0,4.0,4.0,4.0,4.0,4.0,5.0,4.0,5.0,4.0,4.0,4.0,4.0,4.0,47.0,50.0,4.0,71.13,90.0,7
4.06,4.0,4.0,3.0,4.0,4.0,4.0,4.0,4.0,4.0,4.0,4.0,4.0,4.0,4.0,4.0,5.0,4.0,48.0,33.0,4.0,82.03,91.0,3
4.64,4.0,4.0,5.0,5.0,5.0,5.0,5.0,5.0,4.0,5.0,4.0,5.0,4.0,5.0,4.0,5.0,4.0,55.0,59.0,5.0,97.5,100.0,7
3.92,4.0,4.0,3.0,4.0,4.0,4.0,4.0,4.0,4.0,4.0,4.0,3.0,4.0,3.0,4.0,3.0,4.0,48.0,30.0,4.0,86.95,87.0,3
4.27,4.0,4.0,3.0,4.0,4.0,4.0,4.0,4.0,4.0,4.0,4.0,4.0,4.0,4.0,4.0,4.0,4.0,42.0,45.0,4.0,87.13,94.0,3
4.73,4.0,4.0,5.0,5.0,5.0,5.0,5.0,5.0,4.0,5.0,4.0,5.0,4.0,5.0,4.0,5.0,4.0,55.0,63.0,5.0,95.98,98.0,7
4.51,4.0,4.0,4.0,4.0,4.0,4.0,4.0,4.0,5.0,4.0,5.0,4.0,4.0,4.0,4.0,4.0,4.0,44.0,47.0,5.0,91.2,97.0,3
4.12,4.0,4.0,3.0,4.0,4.0,4.0,4.0,4.0,4.0,4.0,4.0,4.0,4.0,4.0,4.0,5.0,4.0,47.0,43.0,4.0,79.65,92.0,3
4.22,3.0,4.0,4.0,4.0,4.0,4.0,4.0,4.0,4.0,5.0,4.0,5.0,4.0,5.0,4.0,5.0,4.0,40.0,48.0,4.0,55.56,70.0,9
4.2,4.0,3.0,4.0,4.0,4.0,4.0,4.0,4.0,4.0,4.0,4.0,5.0,4.0,5.0,4.0,5.0,4.0,58.0,71.0,4.0,31.02,86.0,6
4.28,4.0,4.0,4.0,4.0,4.0,4.0,4.0,4.0,4.0,4.0,4.0,4.0,4.0,4.0,4.0,4.0,4.0,52.0,47.0,4.0,57.26,90.0,2
4.17,3.0,3.0,3.0,4.0,4.0,4.0,4.0,4.0,4.0,4.0,4.0,4.0,4.0,4.0,4.0,4.0,4.0,45.0,50.0,4.0,56.51,87.0,2
4.06,3.0,3.0,3.0,4.0,4.0,4.0,4.0,4.0,4.0,4.0,4.0,5.0,4.0,5.0,4.0,5.0,4.0,41.0,67.0,4.0,43.65,69.0,6
3.98,3.0,3.0,5.0,4.0,4.0,4.0,4.0,4.0,4.0,4.0,4.0,4.0,4.0,4.0,4.0,3.0,4.0,49.0,58.0,5.0,61.77,73.0,9
4.26,3.0,4.0,4.0,4.0,4.0,4.0,4.0,4.0,4.0,5.0,4.0,5.0,4.0,5.0,4.0,5.0,4.0,38.0,43.0,4.0,55.55,68.0,9
4.27,4.0,3.0,4.0,4.0,4.0,4.0,4.0,4.0,4.0,4.0,4.0,5.0,4.0,5.0,4.0,5.0,4.0,53.0,63.0,4.0,38.99,76.0,6
4.12,3.0,3.0,3.0,4.0,4.0,4.0,4.0,4.0,4.0,4.0,4.0,5.0,4.0,5.0,4.0,5.0,4.0,39.0,56.0,4.0,51.51,70.0,9
4.32,4.0,4.0,4.0,4.0,4.0,4.0,4.0,4.0,4.0,4.0,4.0,4.0,5.0,4.0,5.0,4.0,5.0,53.0,66.0,4.0,66.58,72.0,7
4.3,3.0,4.0,4.0,4.0,4.0,4.0,4.0,4.0,4.0,5.0,4.0,5.0,4.0,5.0,4.0,5.0,4.0,36.0,39.0,4.0,55.53,66.0,9
4.15,3.0,3.0,3.0,4.0,4.0,4.0,4.0,4.0,4.0,4.0,4.0,4.0,4.0,4.0,4.0,5.0,4.0,54.0,46.0,4.0,56.46,90.0,2
4.23,3.0,3.0,4.0,4.0,4.0,4.0,4.0,4.0,4.0,4.0,4.0,4.0,4.0,4.0,4.0,4.0,4.0,39.0,44.0,4.0,55.87,68.0,9
3.92,3.0,3.0,5.0,4.0,4.0,4.0,4.0,4.0,4.0,4.0,4.0,4.0,4.0,4.0,4.0,3.0,4.0,49.0,56.0,5.0,60.72,73.0,9
4.65,4.0,4.0,4.0,5.0,5.0,5.0,5.0,5.0,5.0,5.0,5.0,5.0,5.0,5.0,5.0,5.0,5.0,48.0,31.0,4.0,54.0,88.0,2
4.01,3.0,3.0,3.0,4.0,4.0,4.0,4.0,4.0,4.0,4.0,4.0,4.0,4.0,4.0,4.0,4.0,4.0,43.0,50.0,4.0,44.03,78.0,9
4.34,4.0,4.0,4.0,4.0,4.0,4.0,4.0,4.0,4.0,4.0,4.0,5.0,4.0,5.0,4.0,5.0,4.0,47.0,53.0,4.0,37.51,83.0,6
4.34,4.0,4.0,4.0,4.0,4.0,4.0,4.0,4.0,4.0,4.0,4.0,4.0,5.0,4.0,5.0,4.0,5.0,53.0,67.0,4.0,67.82,72.0,7
4.77,5.0,5.0,4.0,5.0,5.0,5.0,5.0,5.0,5.0,5.0,5.0,5.0,5.0,4.0,5.0,4.0,5.0,36.0,48.0,4.0,87.03,0.0,4
4.13,4.0,4.0,4.0,4.0,5.0,4.0,5.0,4.0,5.0,4.0,5.0,4.0,5.0,4.0,5.0,4.0,5.0,39.0,47.0,4.0,52.86,0.0,1
4.39,5.0,5.0,3.0,5.0,5.0,5.0,5.0,5.0,5.0,5.0,5.0,5.0,5.0,3.0,5.0,3.0,5.0,38.0,47.0,4.0,64.74,0.0,4
4.78,5.0,5.0,4.0,5.0,5.0,5.0,5.0,5.0,5.0,5.0,5.0,5.0,5.0,4.0,5.0,4.0,5.0,36.0,49.0,4.0,88.46,0.0,4
4.8,5.0,5.0,5.0,5.0,5.0,5.0,5.0,5.0,5.0,5.0,5.0,5.0,5.0,5.0,5.0,5.0,5.0,36.0,50.0,4.0,89.43,0.0,4
4.48,5.0,5.0,4.0,5.0,5.0,5.0,5.0,5.0,5.0,5.0,5.0,5.0,5.0,4.0,5.0,4.0,5.0,38.0,50.0,4.0,70.79,0.0,4
4.72,5.0,5.0,4.0,5.0,5.0,5.0,5.0,5.0,5.0,5.0,5.0,5.0,5.0,4.0,5.0,4.0,5.0,36.0,47.0,4.0,82.23,0.0,4
4.48,4.0,4.0,4.0,4.0,4.0,4.0,4.0,4.0,4.0,4.0,4.0,4.0,4.0,4.0,4.0,4.0,4.0,38.0,51.0,4.0,70.2,0.0,4
4.43,5.0,5.0,3.0,5.0,5.0,5.0,5.0,5.0,5.0,5.0,5.0,5.0,5.0,3.0,5.0,3.0,5.0,38.0,48.0,4.0,69.28,0.0,4
4.12,4.0,4.0,4.0,4.0,5.0,4.0,5.0,4.0,5.0,4.0,5.0,4.0,5.0,4.0,5.0,4.0,5.0,40.0,47.0,4.0,52.54,0.0,1
4.09,4.0,4.0,4.0,4.0,5.0,4.0,5.0,4.0,5.0,4.0,5.0,4.0,5.0,4.0,5.0,4.0,5.0,40.0,47.0,4.0,50.61,0.0,1
4.64,5.0,5.0,4.0,5.0,5.0,5.0,5.0,5.0,5.0,5.0,5.0,5.0,5.0,4.0,5.0,4.0,5.0,36.0,49.0,4.0,80.88,0.0,4
4.52,5.0,5.0,4.0,5.0,5.0,5.0,5.0,5.0,5.0,5.0,5.0,5.0,5.0,4.0,5.0,4.0,5.0,37.0,47.0,4.0,72.96,0.0,4
4.71,5.0,5.0,4.0,5.0,5.0,5.0,5.0,5.0,5.0,5.0,5.0,5.0,5.0,5.0,5.0,5.0,5.0,36.0,47.0,4.0,80.2,0.0,4
4.59,5.0,5.0,4.0,5.0,5.0,5.0,5.0,5.0,5.0,5.0,5.0,5.0,5.0,4.0,5.0,4.0,5.0,37.0,48.0,4.0,77.65,0.0,4
4.79,5.0,5.0,5.0,5.0,5.0,5.0,5.0,5.0,5.0,5.0,5.0,5.0,5.0,5.0,5.0,5.0,5.0,36.0,50.0,4.0,88.94,0.0,4
4.64,5.0,5.0,4.0,5.0,5.0,5.0,5.0,5.0,5.0,5.0,5.0,5.0,5.0,4.0,5.0,4.0,5.0,37.0,47.0,4.0,76.75,0.0,4
4.79,5.0,5.0,4.0,5.0,5.0,5.0,5.0,5.0,5.0,5.0,5.0,5.0,5.0,4.0,5.0,4.0,5.0,36.0,49.0,4.0,89.02,0.0,4
4.54,5.0,5.0,4.0,5.0,5.0,5.0,5.0,5.0,5.0,5.0,5.0,5.0,5.0,4.0,5.0,4.0,5.0,37.0,48.0,4.0,74.96,0.0,4
4.73,5.0,5.0,4.0,5.0,5.0,5.0,5.0,5.0,5.0,5.0,5.0,5.0,5.0,4.0,5.0,4.0,5.0,36.0,47.0,4.0,82.7,0.0,4
4.28,4.0,4.0,3.0,4.0,4.0,4.0,4.0,4.0,4.0,4.0,4.0,4.0,4.0,3.0,4.0,3.0,4.0,38.0,47.0,4.0,61.16,0.0,4
4.51,5.0,5.0,3.0,5.0,5.0,5.0,5.0,5.0,5.0,5.0,5.0,5.0,5.0,5.0,5.0,5.0,5.0,38.0,51.0,4.0,71.25,0.0,4
4.79,5.0,5.0,4.0,5.0,5.0,5.0,5.0,5.0,5.0,5.0,5.0,5.0,5.0,4.0,5.0,4.0,5.0,36.0,49.0,4.0,89.0,0.0,4
4.48,5.0,5.0,4.0,5.0,5.0,5.0,5.0,5.0,5.0,5.0,5.0,5.0,5.0,4.0,5.0,4.0,5.0,38.0,49.0,4.0,71.12,0.0,4
4.45,4.0,4.0,4.0,4.0,5.0,4.0,5.0,4.0,5.0,4.0,5.0,4.0,5.0,4.0,5.0,4.0,5.0,39.0,51.0,4.0,68.41,0.0,4
4.23,4.0,4.0,3.0,4.0,4.0,4.0,4.0,4.0,4.0,4.0,4.0,4.0,4.0,3.0,4.0,3.0,4.0,39.0,47.0,4.0,58.69,0.0,1
4.55,5.0,5.0,4.0,5.0,5.0,5.0,5.0,5.0,5.0,5.0,5.0,5.0,5.0,4.0,5.0,4.0,5.0,37.0,47.0,4.0,73.99,0.0,4
4.73,5.0,5.0,4.0,5.0,5.0,5.0,5.0,5.0,5.0,5.0,5.0,5.0,5.0,4.0,5.0,4.0,5.0,36.0,47.0,4.0,82.68,0.0,4
4.64,5.0,5.0,4.0,5.0,5.0,5.0,5.0,5.0,5.0,5.0,5.0,5.0,5.0,4.0,5.0,4.0,5.0,36.0,48.0,4.0,80.52,0.0,4
4.69,5.0,5.0,4.0,5.0,5.0,5.0,5.0,5.0,5.0,5.0,5.0,5.0,5.0,5.0,5.0,5.0,5.0,36.0,47.0,4.0,78.65,0.0,4
4.45,5.0,5.0,3.0,5.0,5.0,5.0,5.0,5.0,5.0,5.0,5.0,5.0,5.0,3.0,5.0,3.0,5.0,39.0,51.0,4.0,68.48,0.0,4
4.76,5.0,5.0,4.0,5.0,5.0,5.0,5.0,5.0,5.0,5.0,5.0,5.0,5.0,4.0,5.0,4.0,5.0,36.0,49.0,4.0,87.09,0.0,4
4.38,5.0,5.0,3.0,5.0,5.0,5.0,5.0,5.0,5.0,5.0,5.0,5.0,5.0,3.0,5.0,3.0,5.0,38.0,48.0,4.0,66.69,0.0,4
4.48,5.0,5.0,4.0,5.0,5.0,5.0,5.0,5.0,5.0,5.0,5.0,5.0,5.0,4.0,5.0,4.0,5.0,38.0,49.0,4.0,71.08,0.0,4
4.67,5.0,5.0,4.0,5.0,5.0,5.0,5.0,5.0,5.0,5.0,5.0,5.0,5.0,4.0,5.0,4.0,5.0,37.0,47.0,4.0,77.47,0.0,4
4.77,5.0,5.0,4.0,5.0,5.0,5.0,5.0,5.0,5.0,5.0,5.0,5.0,5.0,4.0,5.0,4.0,5.0,36.0,49.0,4.0,87.73,0.0,4
4.76,5.0,5.0,4.0,5.0,5.0,5.0,5.0,5.0,5.0,5.0,5.0,5.0,5.0,4.0,5.0,4.0,5.0,36.0,48.0,4.0,85.66,0.0,4
4.79,5.0,5.0,5.0,5.0,5.0,5.0,5.0,5.0,5.0,5.0,5.0,5.0,5.0,5.0,5.0,5.0,5.0,36.0,50.0,4.0,88.61,0.0,4
4.2,4.0,3.0,4.0,4.0,4.0,4.0,4.0,4.0,4.0,4.0,4.0,5.0,4.0,5.0,4.0,5.0,4.0,58.0,71.0,4.0,31.45,85.0,6
4.19,4.0,4.0,4.0,4.0,4.0,4.0,4.0,4.0,4.0,4.0,4.0,5.0,4.0,5.0,4.0,5.0,4.0,57.0,56.0,4.0,29.22,83.0,6
4.26,4.0,4.0,4.0,4.0,4.0,4.0,4.0,4.0,4.0,4.0,4.0,5.0,4.0,5.0,4.0,5.0,4.0,57.0,68.0,4.0,30.07,89.0,6
4.22,4.0,3.0,4.0,4.0,4.0,4.0,4.0,4.0,4.0,5.0,4.0,5.0,4.0,5.0,4.0,5.0,4.0,54.0,67.0,4.0,40.53,74.0,6
4.15,4.0,3.0,4.0,4.0,4.0,4.0,4.0,4.0,4.0,4.0,4.0,5.0,4.0,5.0,4.0,5.0,4.0,50.0,67.0,4.0,41.58,71.0,6
4.37,4.0,4.0,4.0,4.0,4.0,5.0,4.0,5.0,4.0,5.0,4.0,5.0,4.0,5.0,4.0,5.0,4.0,51.0,59.0,4.0,37.02,82.0,6
4.06,3.0,3.0,3.0,4.0,4.0,4.0,4.0,4.0,4.0,4.0,4.0,5.0,4.0,5.0,4.0,5.0,4.0,41.0,67.0,4.0,43.67,69.0,6
4.2,4.0,3.0,4.0,4.0,4.0,4.0,4.0,4.0,4.0,4.0,4.0,5.0,4.0,5.0,4.0,5.0,4.0,57.0,69.0,4.0,35.35,80.0,6
4.35,4.0,3.0,4.0,4.0,4.0,4.0,4.0,4.0,4.0,4.0,4.0,5.0,4.0,5.0,4.0,5.0,4.0,51.0,62.0,4.0,36.89,76.0,6
4.14,4.0,3.0,4.0,4.0,4.0,4.0,4.0,4.0,4.0,4.0,4.0,5.0,4.0,5.0,4.0,5.0,4.0,49.0,67.0,4.0,41.84,71.0,6
4.2,4.0,3.0,4.0,4.0,4.0,4.0,4.0,4.0,4.0,5.0,4.0,5.0,4.0,5.0,4.0,5.0,4.0,55.0,68.0,4.0,40.68,73.0,6
4.2,4.0,3.0,4.0,4.0,4.0,4.0,4.0,4.0,4.0,5.0,4.0,5.0,4.0,5.0,4.0,5.0,4.0,55.0,68.0,4.0,40.99,73.0,6
4.25,4.0,3.0,4.0,4.0,4.0,4.0,4.0,4.0,4.0,4.0,4.0,5.0,4.0,5.0,4.0,5.0,4.0,52.0,63.0,4.0,39.34,76.0,6
4.3,4.0,4.0,4.0,4.0,4.0,4.0,4.0,4.0,4.0,4.0,4.0,5.0,4.0,5.0,4.0,5.0,4.0,50.0,59.0,4.0,38.34,79.0,6
4.2,4.0,3.0,4.0,4.0,4.0,4.0,4.0,4.0,4.0,4.0,4.0,5.0,4.0,5.0,4.0,5.0,4.0,59.0,71.0,4.0,29.98,88.0,6
4.2,4.0,3.0,4.0,4.0,4.0,4.0,4.0,4.0,4.0,4.0,4.0,5.0,4.0,5.0,4.0,5.0,4.0,58.0,71.0,4.0,31.18,86.0,6
4.06,3.0,3.0,3.0,4.0,4.0,4.0,4.0,4.0,4.0,4.0,4.0,5.0,4.0,5.0,4.0,5.0,4.0,40.0,67.0,4.0,43.7,70.0,6
4.21,4.0,4.0,4.0,4.0,4.0,4.0,4.0,4.0,4.0,4.0,4.0,5.0,4.0,5.0,4.0,5.0,4.0,56.0,58.0,4.0,31.41,81.0,6
4.14,4.0,3.0,4.0,4.0,4.0,4.0,4.0,4.0,4.0,5.0,4.0,5.0,4.0,5.0,4.0,5.0,4.0,49.0,68.0,4.0,42.3,71.0,6
4.3,4.0,4.0,4.0,4.0,4.0,4.0,4.0,4.0,4.0,4.0,4.0,5.0,4.0,5.0,4.0,5.0,4.0,51.0,59.0,4.0,38.41,79.0,6
4.31,4.0,4.0,4.0,4.0,4.0,4.0,4.0,4.0,4.0,4.0,4.0,5.0,4.0,5.0,4.0,5.0,4.0,49.0,54.0,4.0,36.09,83.0,6
4.05,3.0,3.0,3.0,4.0,4.0,4.0,4.0,4.0,4.0,4.0,4.0,5.0,4.0,5.0,4.0,5.0,4.0,39.0,67.0,4.0,44.06,69.0,6
4.14,3.0,3.0,3.0,4.0,4.0,4.0,4.0,4.0,4.0,4.0,4.0,5.0,4.0,5.0,4.0,5.0,4.0,46.0,65.0,4.0,41.83,72.0,6
4.2,4.0,4.0,4.0,4.0,4.0,4.0,4.0,4.0,4.0,4.0,4.0,5.0,4.0,5.0,4.0,5.0,4.0,59.0,71.0,4.0,30.51,87.0,6
4.25,4.0,3.0,4.0,4.0,4.0,4.0,4.0,4.0,4.0,4.0,4.0,5.0,4.0,5.0,4.0,5.0,4.0,54.0,65.0,4.0,37.04,78.0,6
4.25,4.0,4.0,4.0,4.0,4.0,4.0,4.0,4.0,4.0,4.0,4.0,5.0,4.0,5.0,4.0,5.0,4.0,53.0,55.0,4.0,32.62,83.0,6
4.01,3.0,3.0,3.0,4.0,4.0,4.0,4.0,4.0,4.0,4.0,4.0,5.0,4.0,5.0,4.0,5.0,4.0,37.0,68.0,4.0,44.81,68.0,6
4.12,3.0,3.0,3.0,4.0,4.0,4.0,4.0,4.0,4.0,4.0,4.0,5.0,4.0,5.0,4.0,5.0,4.0,47.0,67.0,4.0,42.2,71.0,6
4.2,4.0,3.0,4.0,4.0,4.0,4.0,4.0,4.0,4.0,5.0,4.0,5.0,4.0,5.0,4.0,5.0,4.0,55.0,68.0,4.0,40.94,73.0,6
4.17,4.0,3.0,4.0,4.0,4.0,4.0,4.0,4.0,4.0,5.0,4.0,5.0,4.0,5.0,4.0,5.0,4.0,52.0,68.0,4.0,41.65,72.0,6
4.15,4.0,3.0,4.0,4.0,4.0,4.0,4.0,4.0,4.0,4.0,4.0,5.0,4.0,5.0,4.0,5.0,4.0,46.0,65.0,4.0,41.55,72.0,6
4.13,3.0,3.0,3.0,4.0,4.0,4.0,4.0,4.0,4.0,4.0,4.0,5.0,4.0,5.0,4.0,5.0,4.0,40.0,62.0,4.0,42.11,74.0,6
4.33,4.0,4.0,4.0,4.0,4.0,4.0,4.0,4.0,4.0,4.0,4.0,5.0,4.0,5.0,4.0,5.0,4.0,47.0,54.0,4.0,37.62,82.0,6
4.19,4.0,4.0,4.0,4.0,4.0,4.0,4.0,4.0,4.0,4.0,4.0,5.0,4.0,5.0,4.0,5.0,4.0,58.0,60.0,4.0,28.82,85.0,6
4.11,3.0,3.0,3.0,4.0,4.0,4.0,4.0,4.0,4.0,4.0,4.0,5.0,4.0,5.0,4.0,5.0,4.0,46.0,67.0,4.0,42.78,70.0,6
4.48,5.0,5.0,4.0,5.0,5.0,5.0,5.0,5.0,5.0,5.0,5.0,5.0,5.0,4.0,5.0,4.0,5.0,38.0,48.0,4.0,71.88,0.0,4
4.5,5.0,5.0,4.0,5.0,5.0,5.0,5.0,5.0,5.0,5.0,5.0,5.0,5.0,4.0,5.0,4.0,5.0,38.0,48.0,4.0,72.3,0.0,4
4.44,5.0,5.0,3.0,5.0,5.0,5.0,5.0,5.0,5.0,5.0,5.0,5.0,5.0,3.0,5.0,3.0,5.0,38.0,49.0,4.0,68.97,0.0,4
4.48,5.0,5.0,4.0,5.0,5.0,5.0,5.0,5.0,5.0,5.0,5.0,5.0,5.0,4.0,5.0,4.0,5.0,38.0,48.0,4.0,71.9,0.0,4
4.48,5.0,5.0,4.0,5.0,5.0,5.0,5.0,5.0,5.0,5.0,5.0,5.0,5.0,4.0,5.0,4.0,5.0,38.0,49.0,4.0,71.11,0.0,4
4.27,4.0,4.0,3.0,4.0,4.0,4.0,4.0,4.0,4.0,4.0,4.0,4.0,4.0,3.0,4.0,3.0,4.0,39.0,48.0,4.0,60.87,0.0,4
4.13,4.0,4.0,4.0,4.0,5.0,4.0,5.0,4.0,5.0,4.0,5.0,4.0,5.0,4.0,5.0,4.0,5.0,39.0,47.0,4.0,52.73,0.0,1
4.48,5.0,5.0,4.0,5.0,5.0,5.0,5.0,5.0,5.0,5.0,5.0,5.0,5.0,4.0,5.0,4.0,5.0,38.0,49.0,4.0,71.12,0.0,4
4.14,4.0,4.0,3.0,4.0,4.0,4.0,4.0,4.0,4.0,4.0,4.0,4.0,4.0,3.0,4.0,3.0,4.0,40.0,47.0,4.0,53.73,0.0,1
4.55,5.0,5.0,4.0,5.0,5.0,5.0,5.0,5.0,5.0,5.0,5.0,5.0,5.0,4.0,5.0,4.0,5.0,37.0,47.0,4.0,74.22,0.0,4
4.48,5.0,5.0,4.0,5.0,5.0,5.0,5.0,5.0,5.0,5.0,5.0,5.0,5.0,4.0,5.0,4.0,5.0,38.0,49.0,4.0,70.95,0.0,4
4.45,5.0,5.0,3.0,5.0,5.0,5.0,5.0,5.0,5.0,5.0,5.0,5.0,5.0,3.0,5.0,3.0,5.0,38.0,48.0,4.0,69.98,0.0,4
4.52,5.0,5.0,4.0,5.0,5.0,5.0,5.0,5.0,5.0,5.0,5.0,5.0,5.0,4.0,5.0,4.0,5.0,37.0,47.0,4.0,73.19,0.0,4
4.48,5.0,5.0,4.0,5.0,5.0,5.0,5.0,5.0,5.0,5.0,5.0,5.0,5.0,4.0,5.0,4.0,5.0,38.0,49.0,4.0,71.01,0.0,4
4.49,5.0,5.0,3.0,5.0,5.0,5.0,5.0,5.0,5.0,5.0,5.0,5.0,5.0,4.0,5.0,4.0,5.0,38.0,50.0,4.0,71.16,0.0,4
4.25,4.0,4.0,3.0,4.0,5.0,4.0,5.0,4.0,5.0,4.0,5.0,4.0,5.0,3.0,5.0,3.0,5.0,39.0,48.0,4.0,59.52,0.0,4
4.2,4.0,4.0,3.0,4.0,4.0,4.0,4.0,4.0,4.0,4.0,4.0,4.0,4.0,3.0,4.0,3.0,4.0,39.0,47.0,4.0,57.06,0.0,1
4.13,4.0,4.0,4.0,4.0,5.0,4.0,5.0,4.0,5.0,4.0,5.0,4.0,5.0,4.0,5.0,4.0,5.0,39.0,47.0,4.0,53.19,0.0,1
4.52,5.0,5.0,4.0,5.0,5.0,5.0,5.0,5.0,5.0,5.0,5.0,5.0,5.0,4.0,5.0,4.0,5.0,37.0,47.0,4.0,72.99,0.0,4
4.13,4.0,4.0,4.0,4.0,5.0,4.0,5.0,4.0,5.0,4.0,5.0,4.0,5.0,4.0,5.0,4.0,5.0,39.0,47.0,4.0,52.9,0.0,1
4.51,5.0,5.0,4.0,5.0,5.0,5.0,5.0,5.0,5.0,5.0,5.0,5.0,5.0,4.0,5.0,4.0,5.0,38.0,48.0,4.0,72.81,0.0,4
4.34,5.0,5.0,3.0,5.0,5.0,5.0,5.0,5.0,5.0,5.0,5.0,5.0,5.0,3.0,5.0,3.0,5.0,38.0,47.0,4.0,63.14,0.0,4
4.48,4.0,4.0,4.0,4.0,4.0,4.0,4.0,4.0,4.0,4.0,4.0,4.0,4.0,4.0,4.0,4.0,4.0,38.0,51.0,4.0,70.21,0.0,4
4.14,4.0,4.0,3.0,4.0,4.0,4.0,4.0,4.0,4.0,4.0,4.0,4.0,4.0,3.0,4.0,3.0,4.0,40.0,47.0,4.0,53.43,0.0,1
4.3,5.0,5.0,3.0,5.0,5.0,5.0,5.0,5.0,5.0,5.0,5.0,5.0,5.0,3.0,5.0,3.0,5.0,38.0,47.0,4.0,62.49,0.0,4
4.04,4.0,4.0,4.0,4.0,5.0,4.0,5.0,4.0,5.0,4.0,5.0,4.0,5.0,4.0,5.0,4.0,5.0,44.0,30.0,3.0,10.22,0.0,5
3.74,3.0,3.0,3.0,3.0,4.0,3.0,4.0,3.0,4.0,3.0,4.0,3.0,4.0,3.0,4.0,3.0,4.0,44.0,37.0,3.0,12.53,0.0,5
4.04,4.0,4.0,4.0,4.0,5.0,4.0,5.0,4.0,5.0,4.0,5.0,4.0,5.0,4.0,5.0,4.0,5.0,44.0,30.0,3.0,10.4,0.0,5
4.04,3.0,3.0,3.0,4.0,4.0,4.0,4.0,4.0,4.0,4.0,4.0,4.0,4.0,4.0,4.0,4.0,4.0,44.0,30.0,3.0,11.23,0.0,5
3.43,3.0,3.0,3.0,3.0,4.0,3.0,4.0,3.0,4.0,3.0,4.0,3.0,4.0,3.0,4.0,3.0,4.0,44.0,44.0,3.0,13.86,0.0,5
4.04,3.0,3.0,3.0,4.0,4.0,4.0,4.0,4.0,4.0,4.0,4.0,4.0,4.0,4.0,4.0,4.0,4.0,44.0,30.0,3.0,10.8,0.0,5
4.04,4.0,4.0,4.0,4.0,5.0,4.0,5.0,4.0,5.0,4.0,5.0,4.0,5.0,4.0,5.0,4.0,5.0,44.0,30.0,3.0,10.1,0.0,5
3.7,3.0,3.0,3.0,3.0,4.0,3.0,4.0,3.0,4.0,3.0,4.0,3.0,4.0,3.0,4.0,3.0,4.0,44.0,38.0,3.0,12.54,0.0,5
3.43,3.0,3.0,3.0,3.0,4.0,3.0,4.0,3.0,4.0,3.0,4.0,3.0,4.0,3.0,4.0,3.0,4.0,44.0,44.0,3.0,13.86,0.0,5
3.41,3.0,3.0,3.0,3.0,4.0,3.0,4.0,3.0,4.0,3.0,4.0,3.0,4.0,3.0,4.0,3.0,4.0,45.0,45.0,4.0,14.0,0.0,5
4.04,4.0,4.0,4.0,4.0,5.0,4.0,5.0,4.0,5.0,4.0,5.0,4.0,5.0,4.0,5.0,4.0,5.0,44.0,31.0,3.0,12.38,0.0,5
4.03,4.0,4.0,4.0,4.0,5.0,4.0,5.0,4.0,5.0,4.0,5.0,4.0,5.0,4.0,5.0,4.0,5.0,44.0,32.0,3.0,12.55,0.0,5
4.04,4.0,4.0,4.0,4.0,5.0,4.0,5.0,4.0,5.0,4.0,5.0,4.0,5.0,4.0,5.0,4.0,5.0,44.0,30.0,3.0,10.43,0.0,5
3.44,3.0,3.0,3.0,3.0,4.0,3.0,4.0,3.0,4.0,3.0,4.0,3.0,4.0,3.0,4.0,3.0,4.0,44.0,44.0,3.0,14.59,0.0,5
4.04,4.0,4.0,4.0,4.0,5.0,4.0,5.0,4.0,5.0,4.0,5.0,4.0,5.0,4.0,5.0,4.0,5.0,44.0,30.0,3.0,10.42,0.0,5
3.42,3.0,3.0,3.0,3.0,4.0,3.0,4.0,3.0,4.0,3.0,4.0,3.0,4.0,3.0,4.0,3.0,4.0,45.0,45.0,4.0,13.93,0.0,5
3.41,3.0,3.0,3.0,3.0,4.0,3.0,4.0,3.0,4.0,3.0,4.0,3.0,4.0,3.0,4.0,3.0,4.0,45.0,45.0,4.0,13.97,0.0,5
3.43,3.0,3.0,3.0,3.0,4.0,3.0,4.0,3.0,4.0,3.0,4.0,3.0,4.0,3.0,4.0,3.0,4.0,44.0,44.0,3.0,14.3,0.0,5
4.17,3.0,4.0,4.0,4.0,5.0,4.0,5.0,4.0,5.0,4.0,5.0,4.0,5.0,4.0,5.0,4.0,4.0,57.0,32.0,4.0,32.16,87.0,0
3.56,3.0,4.0,3.0,4.0,4.0,3.0,4.0,3.0,4.0,3.0,4.0,3.0,4.0,3.0,4.0,3.0,4.0,54.0,30.0,3.0,32.38,81.0,0
3.95,3.0,3.0,3.0,4.0,4.0,4.0,4.0,4.0,4.0,4.0,4.0,4.0,4.0,4.0,3.0,4.0,3.0,38.0,38.0,3.0,41.03,79.0,8
4.86,3.0,3.0,3.0,5.0,5.0,5.0,5.0,5.0,5.0,5.0,5.0,5.0,5.0,5.0,5.0,5.0,5.0,39.0,30.0,3.0,41.03,76.0,8
4.21,4.0,4.0,4.0,4.0,4.0,4.0,4.0,4.0,4.0,4.0,4.0,5.0,4.0,5.0,4.0,5.0,4.0,45.0,48.0,4.0,38.52,79.0,6
4.02,4.0,4.0,4.0,4.0,4.0,4.0,4.0,4.0,4.0,4.0,4.0,4.0,4.0,4.0,4.0,4.0,4.0,39.0,35.0,3.0,41.32,79.0,8
4.3,5.0,4.0,4.0,4.0,4.0,4.0,4.0,4.0,4.0,5.0,4.0,5.0,4.0,5.0,4.0,5.0,4.0,52.0,39.0,4.0,36.99,72.0,8
4.19,4.0,4.0,4.0,4.0,4.0,4.0,4.0,4.0,4.0,4.0,4.0,5.0,4.0,5.0,4.0,5.0,4.0,45.0,50.0,4.0,40.09,80.0,6
3.99,3.0,4.0,4.0,4.0,5.0,4.0,5.0,4.0,5.0,4.0,5.0,4.0,5.0,4.0,5.0,4.0,4.0,56.0,32.0,4.0,32.28,85.0,0
3.78,3.0,3.0,3.0,4.0,4.0,4.0,4.0,3.0,4.0,3.0,4.0,4.0,4.0,4.0,4.0,4.0,4.0,43.0,50.0,3.0,35.67,76.0,6
3.45,3.0,3.0,3.0,3.0,4.0,3.0,4.0,3.0,4.0,3.0,4.0,3.0,4.0,3.0,4.0,3.0,4.0,45.0,44.0,4.0,23.44,93.0,0
3.45,4.0,4.0,3.0,3.0,3.0,3.0,3.0,4.0,3.0,4.0,3.0,4.0,3.0,4.0,3.0,4.0,3.0,43.0,39.0,4.0,37.6,85.0,0
3.79,4.0,4.0,4.0,4.0,4.0,4.0,4.0,4.0,4.0,4.0,4.0,4.0,4.0,4.0,3.0,4.0,3.0,39.0,39.0,4.0,40.53,81.0,8
3.49,3.0,3.0,3.0,3.0,4.0,3.0,4.0,3.0,4.0,3.0,4.0,3.0,4.0,3.0,4.0,3.0,4.0,45.0,45.0,4.0,24.48,92.0,0
4.49,4.0,4.0,3.0,5.0,5.0,5.0,5.0,5.0,5.0,5.0,5.0,5.0,5.0,5.0,5.0,5.0,5.0,40.0,46.0,4.0,41.54,77.0,9
4.26,4.0,4.0,4.0,4.0,4.0,4.0,4.0,4.0,4.0,5.0,4.0,5.0,4.0,5.0,4.0,5.0,4.0,40.0,29.0,3.0,37.95,75.0,8
4.32,4.0,4.0,3.0,4.0,5.0,4.0,5.0,4.0,5.0,4.0,5.0,4.0,5.0,4.0,5.0,4.0,5.0,53.0,30.0,4.0,25.82,90.0,0
4.47,4.0,4.0,4.0,4.0,4.0,4.0,4.0,4.0,4.0,4.0,4.0,5.0,4.0,5.0,4.0,5.0,4.0,42.0,47.0,4.0,40.0,78.0,6
4.77,3.0,3.0,3.0,5.0,5.0,5.0,5.0,5.0,5.0,5.0,5.0,5.0,5.0,5.0,5.0,5.0,5.0,40.0,30.0,3.0,40.45,76.0,8
4.22,4.0,5.0,4.0,4.0,4.0,4.0,4.0,4.0,4.0,4.0,4.0,5.0,4.0,5.0,4.0,5.0,4.0,44.0,47.0,4.0,37.28,79.0,6
4.2,3.0,4.0,5.0,4.0,5.0,4.0,5.0,4.0,5.0,4.0,5.0,4.0,5.0,4.0,5.0,4.0,4.0,53.0,32.0,4.0,33.63,90.0,0
4.13,4.0,5.0,4.0,4.0,4.0,4.0,4.0,4.0,4.0,4.0,4.0,4.0,4.0,4.0,4.0,5.0,4.0,43.0,27.0,4.0,37.12,74.0,8
4.28,3.0,4.0,4.0,4.0,4.0,4.0,4.0,4.0,4.0,5.0,4.0,5.0,4.0,5.0,4.0,5.0,4.0,36.0,40.0,4.0,55.57,66.0,9
4.28,3.0,4.0,4.0,4.0,4.0,4.0,4.0,4.0,4.0,5.0,4.0,5.0,4.0,5.0,4.0,5.0,4.0,36.0,40.0,4.0,55.55,66.0,9
4.07,3.0,3.0,5.0,4.0,4.0,4.0,4.0,4.0,4.0,4.0,4.0,4.0,4.0,4.0,4.0,3.0,4.0,50.0,60.0,5.0,63.4,73.0,9
4.11,4.0,4.0,4.0,4.0,4.0,4.0,4.0,4.0,4.0,4.0,4.0,4.0,4.0,4.0,4.0,4.0,4.0,39.0,46.0,4.0,59.74,71.0,9
3.96,3.0,3.0,5.0,4.0,4.0,4.0,4.0,4.0,4.0,4.0,4.0,4.0,4.0,4.0,4.0,3.0,4.0,49.0,57.0,5.0,61.36,73.0,9
4.22,3.0,4.0,4.0,4.0,4.0,4.0,4.0,4.0,4.0,5.0,4.0,5.0,4.0,5.0,4.0,5.0,4.0,40.0,48.0,4.0,55.56,70.0,9
4.07,3.0,3.0,5.0,4.0,4.0,4.0,4.0,4.0,4.0,4.0,4.0,4.0,4.0,4.0,4.0,3.0,4.0,50.0,60.0,5.0,63.33,73.0,9
4.17,3.0,4.0,4.0,4.0,4.0,4.0,4.0,4.0,4.0,5.0,4.0,5.0,4.0,5.0,4.0,5.0,4.0,43.0,50.0,4.0,55.92,72.0,9
4.25,3.0,4.0,4.0,4.0,4.0,4.0,4.0,4.0,4.0,5.0,4.0,5.0,4.0,5.0,4.0,5.0,4.0,38.0,42.0,4.0,55.74,67.0,9
4.26,3.0,4.0,4.0,4.0,4.0,4.0,4.0,4.0,4.0,5.0,4.0,5.0,4.0,5.0,4.0,5.0,4.0,38.0,43.0,4.0,55.55,68.0,9
4.15,3.0,3.0,4.0,4.0,4.0,4.0,4.0,4.0,4.0,4.0,4.0,4.0,4.0,4.0,4.0,4.0,4.0,43.0,50.0,4.0,56.13,72.0,9
4.2,3.0,4.0,4.0,4.0,4.0,4.0,4.0,4.0,4.0,5.0,4.0,5.0,4.0,5.0,4.0,5.0,4.0,40.0,50.0,4.0,54.62,70.0,9
4.21,3.0,4.0,4.0,4.0,4.0,4.0,4.0,4.0,4.0,5.0,4.0,5.0,4.0,5.0,4.0,5.0,4.0,40.0,49.0,4.0,55.19,70.0,9
4.18,3.0,4.0,4.0,4.0,4.0,4.0,4.0,4.0,4.0,5.0,4.0,5.0,4.0,5.0,4.0,5.0,4.0,40.0,51.0,4.0,54.01,70.0,9
4.27,3.0,4.0,4.0,4.0,4.0,4.0,4.0,4.0,4.0,5.0,4.0,5.0,4.0,5.0,4.0,5.0,4.0,37.0,41.0,4.0,55.66,67.0,9
4.35,4.0,4.0,4.0,4.0,4.0,4.0,4.0,5.0,4.0,5.0,4.0,5.0,4.0,5.0,4.0,5.0,4.0,37.0,39.0,4.0,55.48,67.0,9
4.16,3.0,4.0,4.0,4.0,4.0,4.0,4.0,4.0,4.0,5.0,4.0,5.0,4.0,5.0,4.0,5.0,4.0,41.0,53.0,4.0,53.67,71.0,9
4.34,4.0,4.0,4.0,4.0,4.0,4.0,4.0,4.0,4.0,4.0,4.0,4.0,5.0,4.0,5.0,4.0,5.0,52.0,66.0,4.0,68.32,74.0,7
4.21,3.0,4.0,4.0,4.0,4.0,4.0,4.0,4.0,4.0,5.0,4.0,5.0,4.0,5.0,4.0,5.0,4.0,41.0,49.0,4.0,55.56,71.0,9
4.31,4.0,4.0,4.0,4.0,4.0,4.0,4.0,5.0,4.0,5.0,4.0,5.0,4.0,5.0,4.0,5.0,4.0,36.0,40.0,4.0,55.51,66.0,9
4.35,4.0,4.0,4.0,4.0,4.0,4.0,5.0,4.0,5.0,4.0,5.0,4.0,5.0,4.0,5.0,4.0,5.0,44.0,62.0,3.0,71.27,86.0,7
4.21,3.0,4.0,4.0,4.0,4.0,4.0,4.0,4.0,4.0,5.0,4.0,5.0,4.0,5.0,4.0,5.0,4.0,40.0,48.0,4.0,55.33,70.0,9
4.0,3.0,3.0,5.0,4.0,4.0,4.0,4.0,4.0,4.0,4.0,4.0,4.0,4.0,4.0,4.0,3.0,4.0,50.0,58.0,5.0,62.21,73.0,9
4.27,4.0,4.0,4.0,4.0,4.0,4.0,4.0,5.0,4.0,5.0,4.0,5.0,4.0,5.0,4.0,5.0,4.0,41.0,32.0,5.0,31.44,71.0,8
4.75,3.0,3.0,4.0,5.0,5.0,5.0,5.0,5.0,5.0,5.0,5.0,5.0,5.0,5.0,5.0,5.0,5.0,45.0,30.0,3.0,21.5,68.0,8
4.0,4.0,3.0,3.0,4.0,4.0,4.0,4.0,4.0,4.0,4.0,4.0,4.0,4.0,5.0,4.0,5.0,4.0,38.0,30.0,3.0,23.33,65.0,8
3.76,3.0,3.0,3.0,4.0,4.0,4.0,4.0,4.0,4.0,4.0,4.0,3.0,4.0,3.0,4.0,3.0,4.0,49.0,28.0,3.0,28.97,73.0,8
3.75,3.0,3.0,3.0,4.0,4.0,4.0,4.0,4.0,4.0,4.0,4.0,4.0,4.0,4.0,4.0,3.0,4.0,51.0,29.0,3.0,30.1,73.0,8
4.5,4.0,4.0,4.0,5.0,5.0,5.0,5.0,5.0,5.0,5.0,5.0,5.0,4.0,5.0,4.0,5.0,4.0,45.0,29.0,4.0,26.67,81.0,8
3.75,3.0,3.0,3.0,4.0,4.0,4.0,4.0,4.0,4.0,4.0,4.0,4.0,4.0,4.0,4.0,3.0,4.0,53.0,30.0,3.0,30.79,73.0,8
4.06,4.0,4.0,4.0,4.0,4.0,4.0,4.0,4.0,4.0,4.0,4.0,4.0,4.0,4.0,4.0,5.0,4.0,45.0,39.0,4.0,24.31,74.0,8
4.24,4.0,4.0,4.0,4.0,4.0,4.0,4.0,5.0,4.0,5.0,4.0,5.0,4.0,5.0,4.0,5.0,4.0,41.0,32.0,5.0,31.04,71.0,8
4.19,4.0,4.0,4.0,4.0,4.0,4.0,4.0,5.0,4.0,5.0,4.0,5.0,4.0,5.0,4.0,5.0,4.0,43.0,32.0,4.0,30.83,71.0,8
4.16,3.0,3.0,3.0,4.0,4.0,5.0,4.0,5.0,4.0,5.0,4.0,5.0,4.0,5.0,4.0,5.0,4.0,38.0,30.0,3.0,18.38,74.0,8
4.81,3.0,4.0,4.0,5.0,5.0,5.0,5.0,5.0,5.0,5.0,5.0,5.0,5.0,5.0,5.0,5.0,5.0,53.0,30.0,3.0,25.71,78.0,8
4.38,4.0,4.0,4.0,4.0,4.0,4.0,4.0,4.0,4.0,5.0,4.0,5.0,4.0,5.0,4.0,5.0,4.0,46.0,28.0,4.0,25.93,80.0,8
4.13,3.0,3.0,3.0,4.0,4.0,5.0,4.0,5.0,4.0,5.0,4.0,5.0,4.0,5.0,4.0,5.0,4.0,38.0,30.0,3.0,18.0,74.0,8
4.58,4.0,4.0,4.0,5.0,5.0,5.0,5.0,5.0,5.0,5.0,5.0,5.0,4.0,5.0,4.0,5.0,4.0,45.0,29.0,4.0,26.87,81.0,8
4.12,3.0,3.0,3.0,4.0,4.0,4.0,4.0,5.0,4.0,5.0,4.0,5.0,4.0,5.0,4.0,5.0,4.0,43.0,31.0,4.0,30.2,70.0,8
3.77,4.0,4.0,3.0,4.0,4.0,4.0,4.0,4.0,4.0,4.0,4.0,3.0,4.0,3.0,4.0,3.0,4.0,47.0,27.0,4.0,27.54,73.0,8
4.11,4.0,4.0,4.0,4.0,4.0,4.0,4.0,4.0,4.0,4.0,4.0,4.0,4.0,5.0,4.0,5.0,4.0,44.0,35.0,4.0,26.95,72.0,8
4.18,4.0,4.0,3.0,4.0,4.0,4.0,4.0,4.0,4.0,4.0,4.0,4.0,4.0,5.0,4.0,5.0,4.0,44.0,30.0,4.0,27.62,68.0,8
4.01,3.0,3.0,3.0,4.0,4.0,4.0,4.0,4.0,4.0,4.0,4.0,4.0,5.0,4.0,5.0,4.0,5.0,43.0,36.0,3.0,21.37,73.0,8
3.69,3.0,3.0,3.0,4.0,4.0,4.0,4.0,4.0,4.0,4.0,4.0,4.0,4.0,4.0,4.0,3.0,4.0,41.0,31.0,3.0,17.75,70.0,8
4.81,3.0,3.0,4.0,5.0,5.0,5.0,5.0,5.0,5.0,5.0,5.0,5.0,5.0,5.0,5.0,5.0,5.0,45.0,30.0,3.0,21.58,68.0,8
4.0,3.0,3.0,3.0,4.0,4.0,4.0,4.0,4.0,4.0,4.0,4.0,4.0,4.0,4.0,4.0,4.0,4.0,45.0,54.0,3.0,39.13,0.0,1
3.78,3.0,3.0,3.0,3.0,4.0,3.0,4.0,3.0,4.0,3.0,4.0,3.0,4.0,3.0,4.0,3.0,4.0,45.0,48.0,3.0,27.53,0.0,1
3.98,3.0,3.0,3.0,3.0,5.0,3.0,5.0,3.0,5.0,3.0,5.0,3.0,5.0,3.0,5.0,3.0,5.0,45.0,53.0,3.0,38.55,0.0,1
3.95,3.0,3.0,3.0,3.0,5.0,3.0,5.0,3.0,5.0,3.0,5.0,3.0,5.0,3.0,5.0,3.0,5.0,42.0,48.0,4.0,41.5,0.0,1
4.03,3.0,3.0,3.0,3.0,5.0,3.0,5.0,3.0,5.0,3.0,5.0,3.0,5.0,3.0,5.0,3.0,5.0,41.0,48.0,4.0,46.65,0.0,1
3.97,3.0,3.0,3.0,3.0,5.0,3.0,5.0,3.0,5.0,3.0,5.0,3.0,5.0,3.0,5.0,3.0,5.0,42.0,48.0,4.0,42.26,0.0,1
4.01,4.0,4.0,4.0,4.0,5.0,4.0,5.0,4.0,5.0,4.0,5.0,4.0,5.0,4.0,5.0,4.0,5.0,44.0,46.0,3.0,31.98,0.0,1
4.0,3.0,3.0,3.0,3.0,5.0,3.0,5.0,3.0,5.0,3.0,5.0,3.0,5.0,3.0,5.0,5.0,5.0,45.0,55.0,4.0,40.37,0.0,1
4.0,3.0,3.0,3.0,4.0,4.0,4.0,4.0,4.0,4.0,4.0,4.0,4.0,4.0,4.0,4.0,4.0,4.0,45.0,54.0,3.0,39.2,0.0,1
3.97,3.0,3.0,3.0,3.0,5.0,3.0,5.0,3.0,5.0,3.0,5.0,3.0,5.0,3.0,5.0,3.0,5.0,43.0,50.0,3.0,40.38,0.0,1
3.99,3.0,3.0,3.0,3.0,5.0,3.0,5.0,3.0,5.0,3.0,5.0,3.0,5.0,3.0,5.0,4.0,5.0,45.0,54.0,4.0,39.79,0.0,1
3.98,3.0,3.0,3.0,3.0,5.0,3.0,5.0,3.0,5.0,3.0,5.0,3.0,5.0,3.0,5.0,4.0,5.0,43.0,51.0,4.0,41.94,0.0,1
3.99,3.0,3.0,3.0,3.0,5.0,3.0,5.0,3.0,5.0,3.0,5.0,3.0,5.0,3.0,5.0,5.0,5.0,44.0,53.0,4.0,41.13,0.0,1
4.0,3.0,3.0,3.0,3.0,5.0,3.0,5.0,3.0,5.0,3.0,5.0,3.0,5.0,3.0,5.0,5.0,5.0,45.0,55.0,4.0,40.6,0.0,1
3.91,3.0,3.0,3.0,4.0,4.0,4.0,4.0,4.0,4.0,4.0,4.0,4.0,4.0,4.0,4.0,4.0,4.0,45.0,48.0,3.0,29.85,0.0,1
3.99,3.0,3.0,3.0,3.0,5.0,3.0,5.0,3.0,5.0,3.0,5.0,3.0,5.0,3.0,5.0,5.0,5.0,45.0,55.0,4.0,39.73,0.0,1
3.99,3.0,3.0,3.0,3.0,5.0,3.0,5.0,3.0,5.0,3.0,5.0,3.0,5.0,3.0,5.0,5.0,5.0,45.0,55.0,4.0,39.97,0.0,1
4.03,4.0,3.0,4.0,4.0,4.0,4.0,4.0,4.0,4.0,4.0,4.0,4.0,4.0,4.0,4.0,4.0,4.0,45.0,55.0,4.0,42.45,0.0,1
3.99,3.0,3.0,3.0,3.0,5.0,3.0,5.0,3.0,5.0,3.0,5.0,3.0,5.0,3.0,5.0,5.0,5.0,45.0,55.0,4.0,39.74,0.0,1
3.82,3.0,3.0,3.0,3.0,5.0,3.0,5.0,3.0,5.0,3.0,5.0,3.0,5.0,3.0,5.0,3.0,5.0,45.0,48.0,3.0,27.95,0.0,1
4.0,3.0,3.0,3.0,4.0,4.0,4.0,4.0,4.0,4.0,4.0,4.0,4.0,4.0,4.0,4.0,4.0,4.0,45.0,54.0,3.0,39.27,0.0,1
4.0,4.0,3.0,4.0,4.0,4.0,4.0,4.0,4.0,4.0,4.0,4.0,4.0,4.0,4.0,4.0,5.0,4.0,46.0,56.0,4.0,40.62,0.0,1
3.97,3.0,3.0,3.0,3.0,5.0,3.0,5.0,3.0,5.0,3.0,5.0,3.0,5.0,3.0,5.0,3.0,5.0,41.0,46.0,4.0,44.34,0.0,1
4.0,3.0,3.0,3.0,4.0,4.0,4.0,4.0,4.0,4.0,4.0,4.0,4.0,4.0,4.0,4.0,4.0,4.0,45.0,54.0,3.0,39.63,0.0,1
4.76,5.0,5.0,4.0,5.0,5.0,5.0,5.0,5.0,5.0,5.0,5.0,5.0,5.0,4.0,5.0,4.0,5.0,36.0,49.0,4.0,87.17,0.0,4
4.66,5.0,5.0,4.0,5.0,5.0,5.0,5.0,5.0,5.0,5.0,5.0,5.0,5.0,4.0,5.0,4.0,5.0,36.0,48.0,4.0,80.43,0.0,4
4.72,5.0,5.0,4.0,5.0,5.0,5.0,5.0,5.0,5.0,5.0,5.0,5.0,5.0,4.0,5.0,4.0,5.0,36.0,47.0,4.0,82.12,0.0,4
4.69,4.0,4.0,3.0,4.0,4.0,4.0,4.0,4.0,4.0,4.0,5.0,4.0,5.0,4.0,5.0,4.0,5.0,37.0,47.0,4.0,78.33,0.0,4
4.59,5.0,5.0,4.0,5.0,5.0,5.0,5.0,5.0,5.0,5.0,5.0,5.0,5.0,4.0,5.0,4.0,5.0,37.0,48.0,4.0,77.65,0.0,4
4.78,5.0,5.0,4.0,5.0,5.0,5.0,5.0,5.0,5.0,5.0,5.0,5.0,5.0,4.0,5.0,4.0,5.0,36.0,49.0,4.0,88.67,0.0,4
4.79,5.0,5.0,5.0,5.0,5.0,5.0,5.0,5.0,5.0,5.0,5.0,5.0,5.0,5.0,5.0,5.0,5.0,36.0,50.0,4.0,89.04,0.0,4
4.75,5.0,5.0,5.0,5.0,5.0,5.0,5.0,5.0,5.0,5.0,5.0,5.0,5.0,5.0,5.0,5.0,5.0,36.0,50.0,4.0,86.64,0.0,4
4.76,5.0,5.0,4.0,5.0,5.0,5.0,5.0,5.0,5.0,5.0,5.0,5.0,5.0,4.0,5.0,4.0,5.0,36.0,49.0,4.0,87.12,0.0,4
4.79,5.0,5.0,5.0,5.0,5.0,5.0,5.0,5.0,5.0,5.0,5.0,5.0,5.0,5.0,5.0,5.0,5.0,36.0,50.0,4.0,88.87,0.0,4
4.79,5.0,5.0,4.0,5.0,5.0,5.0,5.0,5.0,5.0,5.0,5.0,5.0,5.0,4.0,5.0,4.0,5.0,36.0,49.0,4.0,88.78,0.0,4
4.73,5.0,5.0,4.0,5.0,5.0,5.0,5.0,5.0,5.0,5.0,5.0,5.0,5.0,4.0,5.0,4.0,5.0,36.0,47.0,4.0,82.66,0.0,4
4.8,5.0,5.0,4.0,5.0,5.0,5.0,5.0,5.0,5.0,5.0,5.0,5.0,5.0,4.0,5.0,4.0,5.0,36.0,50.0,5.0,89.44,0.0,4
4.79,5.0,5.0,4.0,5.0,5.0,5.0,5.0,5.0,5.0,5.0,5.0,5.0,5.0,4.0,5.0,4.0,5.0,36.0,49.0,4.0,89.12,0.0,4
4.72,5.0,5.0,4.0,5.0,5.0,5.0,5.0,5.0,5.0,5.0,5.0,5.0,5.0,4.0,5.0,4.0,5.0,36.0,47.0,4.0,82.48,0.0,4
4.76,5.0,5.0,4.0,5.0,5.0,5.0,5.0,5.0,5.0,5.0,5.0,5.0,5.0,4.0,5.0,4.0,5.0,36.0,49.0,4.0,86.54,0.0,4
4.67,5.0,5.0,4.0,5.0,5.0,5.0,5.0,5.0,5.0,5.0,5.0,5.0,5.0,4.0,5.0,4.0,5.0,36.0,47.0,4.0,77.92,0.0,4
4.78,5.0,5.0,4.0,5.0,5.0,5.0,5.0,5.0,5.0,5.0,5.0,5.0,5.0,4.0,5.0,4.0,5.0,36.0,49.0,4.0,88.44,0.0,4
4.77,5.0,5.0,5.0,5.0,5.0,5.0,5.0,5.0,5.0,5.0,5.0,5.0,5.0,5.0,5.0,5.0,5.0,36.0,50.0,4.0,87.71,0.0,4
4.78,5.0,5.0,4.0,5.0,5.0,5.0,5.0,5.0,5.0,5.0,5.0,5.0,5.0,4.0,5.0,4.0,5.0,36.0,49.0,4.0,88.6,0.0,4
4.76,5.0,5.0,4.0,5.0,5.0,5.0,5.0,5.0,5.0,5.0,5.0,5.0,5.0,4.0,5.0,4.0,5.0,36.0,49.0,4.0,86.94,0.0,4
4.26,4.0,4.0,5.0,4.0,4.0,4.0,4.0,4.0,5.0,4.0,5.0,4.0,5.0,4.0,5.0,4.0,5.0,53.0,50.0,4.0,55.81,91.0,2
4.88,5.0,4.0,5.0,5.0,5.0,5.0,5.0,5.0,5.0,5.0,5.0,5.0,5.0,5.0,5.0,5.0,4.0,45.0,30.0,5.0,54.22,90.0,2
4.24,4.0,4.0,4.0,4.0,4.0,4.0,4.0,4.0,5.0,4.0,5.0,4.0,5.0,4.0,5.0,5.0,5.0,53.0,48.0,4.0,56.79,91.0,2
4.2,4.0,4.0,4.0,4.0,4.0,4.0,4.0,4.0,4.0,4.0,4.0,4.0,4.0,4.0,4.0,5.0,4.0,53.0,46.0,4.0,56.79,90.0,2
4.06,4.0,4.0,4.0,4.0,4.0,4.0,4.0,4.0,4.0,4.0,4.0,4.0,4.0,4.0,4.0,5.0,4.0,52.0,39.0,4.0,57.93,90.0,2
4.1,4.0,4.0,4.0,4.0,4.0,4.0,4.0,4.0,4.0,4.0,4.0,4.0,4.0,4.0,4.0,5.0,4.0,53.0,42.0,4.0,57.4,90.0,2
4.13,3.0,3.0,3.0,4.0,4.0,4.0,4.0,4.0,4.0,4.0,4.0,4.0,4.0,4.0,4.0,5.0,4.0,54.0,45.0,4.0,56.72,90.0,2
4.1,4.0,4.0,4.0,4.0,4.0,4.0,4.0,4.0,4.0,4.0,4.0,4.0,4.0,4.0,4.0,5.0,4.0,52.0,38.0,4.0,57.74,90.0,2
4.31,4.0,4.0,5.0,4.0,4.0,4.0,4.0,4.0,5.0,4.0,5.0,4.0,5.0,4.0,5.0,4.0,5.0,53.0,50.0,4.0,56.67,91.0,2
4.27,4.0,4.0,4.0,4.0,4.0,4.0,4.0,4.0,4.0,4.0,4.0,4.0,4.0,4.0,4.0,4.0,4.0,52.0,47.0,4.0,57.29,90.0,2
4.23,4.0,4.0,4.0,4.0,4.0,4.0,4.0,4.0,4.0,4.0,4.0,4.0,4.0,4.0,4.0,4.0,4.0,52.0,48.0,4.0,56.08,90.0,2
3.97,3.0,3.0,3.0,4.0,4.0,4.0,4.0,4.0,4.0,4.0,4.0,4.0,4.0,4.0,4.0,5.0,4.0,52.0,49.0,4.0,50.99,91.0,2
4.72,3.0,3.0,3.0,5.0,5.0,5.0,5.0,5.0,5.0,5.0,5.0,5.0,5.0,5.0,5.0,5.0,5.0,45.0,31.0,4.0,59.8,86.0,2
4.71,3.0,3.0,3.0,5.0,5.0,5.0,5.0,5.0,5.0,5.0,5.0,5.0,5.0,5.0,5.0,5.0,5.0,48.0,30.0,3.0,50.63,88.0,2
4.0,3.0,3.0,3.0,4.0,4.0,4.0,4.0,4.0,4.0,4.0,4.0,4.0,4.0,4.0,4.0,5.0,4.0,52.0,48.0,4.0,52.06,91.0,2
4.25,4.0,4.0,4.0,4.0,4.0,4.0,4.0,4.0,4.0,4.0,4.0,4.0,4.0,4.0,4.0,4.0,4.0,52.0,47.0,4.0,56.51,90.0,2
4.8,3.0,3.0,3.0,5.0,5.0,5.0,5.0,5.0,5.0,5.0,5.0,5.0,5.0,5.0,5.0,5.0,5.0,46.0,30.0,4.0,56.47,87.0,2
4.06,4.0,4.0,4.0,4.0,4.0,4.0,4.0,4.0,4.0,4.0,4.0,4.0,4.0,4.0,4.0,5.0,4.0,52.0,39.0,4.0,57.95,90.0,2
4.88,5.0,4.0,5.0,5.0,5.0,5.0,5.0,5.0,5.0,5.0,5.0,5.0,5.0,5.0,5.0,5.0,4.0,44.0,30.0,5.0,55.34,90.0,2
4.69,4.0,4.0,4.0,5.0,5.0,5.0,5.0,5.0,5.0,5.0,5.0,5.0,5.0,5.0,5.0,5.0,5.0,48.0,31.0,4.0,53.74,88.0,2
4.87,4.0,4.0,4.0,5.0,5.0,5.0,5.0,5.0,5.0,5.0,5.0,5.0,5.0,5.0,5.0,5.0,4.0,45.0,30.0,5.0,54.79,89.0,2
4.13,4.0,4.0,4.0,4.0,4.0,4.0,4.0,4.0,4.0,4.0,4.0,4.0,4.0,4.0,4.0,5.0,4.0,52.0,41.0,4.0,57.77,90.0,2
4.11,4.0,4.0,4.0,4.0,4.0,4.0,4.0,4.0,4.0,4.0,4.0,5.0,4.0,5.0,4.0,5.0,4.0,48.0,50.0,4.0,54.27,89.0,2
4.8,4.0,4.0,4.0,5.0,5.0,5.0,5.0,5.0,5.0,5.0,5.0,5.0,5.0,5.0,5.0,5.0,5.0,50.0,31.0,4.0,50.43,90.0,2
4.3,3.0,3.0,4.0,5.0,4.0,5.0,4.0,5.0,4.0,5.0,4.0,5.0,4.0,5.0,4.0,5.0,4.0,55.0,45.0,5.0,60.31,90.0,2
4.79,3.0,3.0,3.0,5.0,5.0,5.0,5.0,5.0,5.0,5.0,5.0,5.0,5.0,5.0,5.0,5.0,5.0,44.0,30.0,4.0,59.79,86.0,2
4.76,3.0,3.0,3.0,5.0,5.0,5.0,5.0,5.0,5.0,5.0,5.0,5.0,5.0,5.0,5.0,5.0,5.0,45.0,30.0,4.0,58.65,86.0,2
4.81,4.0,4.0,4.0,5.0,5.0,5.0,5.0,5.0,5.0,5.0,5.0,5.0,5.0,5.0,5.0,5.0,5.0,51.0,31.0,4.0,48.75,91.0,2
4.32,4.0,4.0,5.0,4.0,4.0,4.0,4.0,4.0,5.0,4.0,5.0,4.0,5.0,4.0,5.0,4.0,5.0,53.0,50.0,4.0,57.12,91.0,2
4.31,4.0,4.0,5.0,4.0,4.0,4.0,4.0,4.0,5.0,4.0,5.0,4.0,5.0,4.0,5.0,4.0,5.0,53.0,49.0,4.0,57.16,91.0,2
4.14,4.0,4.0,3.0,4.0,4.0,4.0,4.0,4.0,4.0,4.0,4.0,4.0,4.0,4.0,4.0,5.0,4.0,48.0,38.0,4.0,80.54,91.0,3
4.56,5.0,5.0,4.0,5.0,5.0,5.0,5.0,5.0,5.0,5.0,5.0,4.0,5.0,4.0,5.0,4.0,5.0,43.0,37.0,4.0,79.2,76.0,3
4.25,4.0,4.0,4.0,4.0,4.0,4.0,4.0,4.0,5.0,4.0,5.0,4.0,5.0,4.0,5.0,4.0,5.0,43.0,45.0,5.0,86.18,94.0,3
4.06,4.0,4.0,4.0,4.0,4.0,4.0,4.0,4.0,4.0,4.0,4.0,4.0,4.0,4.0,4.0,4.0,4.0,50.0,30.0,4.0,87.49,90.0,3
4.3,5.0,4.0,4.0,4.0,4.0,4.0,4.0,4.0,4.0,5.0,4.0,5.0,4.0,5.0,4.0,5.0,4.0,54.0,30.0,5.0,89.92,94.0,3
4.97,5.0,5.0,5.0,5.0,5.0,5.0,5.0,5.0,5.0,5.0,5.0,5.0,5.0,5.0,5.0,5.0,5.0,48.0,46.0,4.0,97.51,100.0,3
4.21,4.0,4.0,3.0,4.0,4.0,4.0,4.0,4.0,4.0,4.0,4.0,5.0,4.0,5.0,4.0,5.0,4.0,48.0,40.0,4.0,79.67,90.0,3
3.94,4.0,4.0,4.0,4.0,4.0,4.0,4.0,4.0,4.0,4.0,4.0,4.0,4.0,4.0,4.0,4.0,4.0,48.0,33.0,3.0,95.76,92.0,3
4.08,4.0,4.0,4.0,4.0,4.0,4.0,4.0,4.0,4.0,4.0,4.0,4.0,4.0,4.0,4.0,5.0,4.0,48.0,33.0,4.0,82.66,91.0,3
4.61,5.0,5.0,5.0,5.0,5.0,5.0,5.0,5.0,5.0,5.0,5.0,5.0,5.0,5.0,5.0,5.0,5.0,45.0,46.0,4.0,92.69,98.0,3
4.17,4.0,3.0,3.0,4.0,4.0,4.0,4.0,4.0,4.0,5.0,4.0,5.0,4.0,5.0,4.0,5.0,4.0,43.0,31.0,4.0,75.93,97.0,3
4.39,4.0,4.0,4.0,4.0,4.0,4.0,4.0,4.0,5.0,4.0,5.0,4.0,4.0,4.0,4.0,4.0,4.0,44.0,46.0,5.0,88.24,96.0,3
4.5,4.0,4.0,4.0,4.0,4.0,4.0,4.0,4.0,4.0,4.0,4.0,5.0,4.0,5.0,4.0,5.0,4.0,49.0,41.0,4.0,76.44,87.0,3
4.29,4.0,4.0,3.0,4.0,4.0,4.0,4.0,4.0,4.0,4.0,4.0,5.0,4.0,5.0,4.0,5.0,4.0,48.0,43.0,4.0,78.43,90.0,3
4.06,4.0,4.0,4.0,4.0,4.0,4.0,4.0,4.0,4.0,4.0,4.0,4.0,4.0,4.0,4.0,5.0,4.0,48.0,33.0,4.0,82.09,91.0,3
4.78,5.0,5.0,5.0,5.0,5.0,5.0,5.0,5.0,5.0,5.0,5.0,5.0,5.0,5.0,5.0,5.0,5.0,45.0,44.0,4.0,95.28,98.0,3
3.64,4.0,4.0,3.0,4.0,4.0,4.0,4.0,4.0,4.0,4.0,4.0,4.0,4.0,4.0,4.0,4.0,4.0,46.0,31.0,4.0,91.02,88.0,3
4.88,4.0,5.0,5.0,5.0,5.0,5.0,5.0,5.0,5.0,5.0,5.0,5.0,4.0,5.0,4.0,5.0,4.0,47.0,48.0,5.0,96.43,100.0,3
4.52,4.0,4.0,4.0,4.0,4.0,4.0,4.0,4.0,5.0,4.0,5.0,4.0,4.0,4.0,4.0,4.0,4.0,44.0,47.0,5.0,91.39,97.0,3
3.97,4.0,4.0,3.0,4.0,4.0,4.0,4.0,4.0,4.0,4.0,4.0,3.0,4.0,3.0,4.0,3.0,4.0,44.0,31.0,4.0,87.76,89.0,3
4.57,5.0,5.0,5.0,5.0,5.0,5.0,5.0,5.0,5.0,5.0,5.0,5.0,5.0,5.0,5.0,5.0,5.0,46.0,36.0,5.0,74.31,86.0,3
4.85,4.0,5.0,5.0,5.0,5.0,5.0,5.0,5.0,5.0,5.0,5.0,5.0,4.0,5.0,4.0,5.0,4.0,47.0,49.0,5.0,96.14,100.0,3
4.8,5.0,5.0,5.0,5.0,5.0,5.0,5.0,5.0,5.0,5.0,5.0,5.0,5.0,5.0,4.0,5.0,4.0,50.0,40.0,5.0,73.43,84.0,3
4.79,4.0,5.0,5.0,5.0,5.0,5.0,5.0,5.0,5.0,5.0,5.0,5.0,4.0,5.0,4.0,5.0,4.0,47.0,50.0,5.0,95.33,100.0,3
4.62,4.0,4.0,4.0,4.0,4.0,4.0,4.0,4.0,5.0,4.0,5.0,4.0,5.0,4.0,5.0,4.0,5.0,44.0,44.0,4.0,92.95,97.0,3
4.11,4.0,4.0,3.0,4.0,4.0,4.0,4.0,4.0,4.0,4.0,4.0,5.0,4.0,5.0,4.0,5.0,4.0,48.0,42.0,4.0,80.49,92.0,3
4.66,5.0,5.0,4.0,5.0,5.0,5.0,5.0,5.0,5.0,5.0,5.0,5.0,5.0,5.0,4.0,5.0,4.0,49.0,38.0,5.0,75.03,85.0,3
4.29,4.0,4.0,4.0,4.0,4.0,4.0,4.0,4.0,5.0,4.0,5.0,4.0,5.0,4.0,5.0,4.0,5.0,42.0,45.0,5.0,87.78,95.0,3
3.52,3.0,3.0,3.0,3.0,3.0,3.0,3.0,4.0,3.0,4.0,3.0,4.0,3.0,4.0,3.0,4.0,3.0,45.0,33.0,3.0,95.79,91.0,3
4.11,4.0,4.0,4.0,4.0,4.0,4.0,4.0,4.0,4.0,4.0,4.0,4.0,4.0,4.0,4.0,5.0,4.0,49.0,32.0,4.0,83.86,92.0,3
3.66,4.0,4.0,3.0,4.0,4.0,4.0,4.0,4.0,4.0,4.0,4.0,3.0,4.0,3.0,4.0,3.0,4.0,46.0,31.0,4.0,87.84,85.0,3
3.71,3.0,3.0,3.0,3.0,3.0,3.0,3.0,4.0,3.0,4.0,3.0,4.0,3.0,4.0,3.0,4.0,3.0,44.0,38.0,3.0,95.16,80.0,3
4.06,4.0,4.0,4.0,4.0,4.0,4.0,4.0,4.0,4.0,4.0,4.0,4.0,4.0,4.0,4.0,5.0,4.0,48.0,33.0,4.0,82.09,91.0,3
3.98,4.0,4.0,4.0,4.0,4.0,4.0,4.0,4.0,4.0,4.0,4.0,4.0,4.0,4.0,4.0,4.0,4.0,48.0,33.0,3.0,95.76,93.0,3
4.06,4.0,4.0,4.0,4.0,4.0,4.0,4.0,4.0,4.0,4.0,4.0,4.0,4.0,4.0,4.0,5.0,4.0,42.0,33.0,5.0,77.52,92.0,3
4.97,5.0,5.0,5.0,5.0,5.0,5.0,5.0,5.0,5.0,5.0,5.0,5.0,5.0,5.0,5.0,5.0,5.0,48.0,46.0,4.0,97.53,100.0,3
4.61,5.0,4.0,4.0,4.0,4.0,4.0,4.0,4.0,4.0,5.0,4.0,5.0,4.0,5.0,4.0,5.0,4.0,54.0,31.0,5.0,92.41,96.0,3
4.93,5.0,5.0,5.0,5.0,5.0,5.0,5.0,5.0,5.0,5.0,5.0,5.0,5.0,5.0,5.0,5.0,5.0,55.0,33.0,4.0,94.99,98.0,3
4.07,4.0,4.0,3.0,4.0,4.0,4.0,4.0,4.0,4.0,4.0,4.0,4.0,4.0,4.0,4.0,5.0,4.0,48.0,34.0,4.0,81.74,91.0,3
4.48,4.0,4.0,4.0,4.0,4.0,4.0,4.0,4.0,5.0,4.0,5.0,4.0,5.0,4.0,5.0,4.0,5.0,43.0,44.0,4.0,90.8,96.0,3
4.38,4.0,4.0,4.0,4.0,4.0,4.0,4.0,4.0,4.0,4.0,4.0,4.0,4.0,4.0,4.0,5.0,4.0,48.0,42.0,4.0,77.24,89.0,3
4.2,4.0,4.0,3.0,4.0,4.0,4.0,4.0,4.0,4.0,4.0,4.0,5.0,4.0,5.0,4.0,5.0,4.0,46.0,45.0,4.0,83.23,94.0,3
4.07,4.0,4.0,4.0,4.0,4.0,4.0,4.0,4.0,4.0,4.0,4.0,4.0,4.0,4.0,4.0,5.0,4.0,43.0,34.0,5.0,78.24,92.0,3
4.53,5.0,5.0,4.0,5.0,5.0,5.0,5.0,5.0,5.0,5.0,5.0,5.0,5.0,5.0,5.0,5.0,5.0,44.0,44.0,4.0,91.31,96.0,3
3.55,3.0,3.0,3.0,3.0,3.0,3.0,3.0,4.0,3.0,4.0,3.0,4.0,3.0,4.0,3.0,4.0,3.0,46.0,32.0,3.0,92.41,89.0,3
4.08,4.0,4.0,4.0,4.0,4.0,4.0,4.0,4.0,4.0,4.0,4.0,4.0,4.0,4.0,4.0,5.0,4.0,41.0,33.0,5.0,76.99,92.0,3
4.2,4.0,4.0,3.0,4.0,4.0,4.0,4.0,4.0,4.0,4.0,4.0,4.0,4.0,4.0,4.0,5.0,4.0,47.0,43.0,4.0,78.89,91.0,3
3.94,4.0,4.0,3.0,4.0,4.0,4.0,4.0,4.0,4.0,4.0,4.0,3.0,4.0,3.0,4.0,3.0,4.0,44.0,32.0,4.0,85.14,80.0,3
4.08,4.0,4.0,3.0,4.0,4.0,4.0,4.0,4.0,4.0,4.0,4.0,4.0,4.0,4.0,4.0,5.0,4.0,48.0,36.0,4.0,81.43,91.0,3
4.06,4.0,4.0,4.0,4.0,4.0,4.0,4.0,4.0,4.0,4.0,4.0,4.0,4.0,4.0,4.0,5.0,4.0,43.0,33.0,5.0,78.36,92.0,3
4.74,4.0,5.0,5.0,5.0,5.0,5.0,5.0,5.0,5.0,5.0,5.0,4.0,5.0,4.0,5.0,4.0,5.0,66.0,45.0,5.0,86.65,94.0,3
4.84,5.0,5.0,5.0,5.0,5.0,5.0,5.0,5.0,5.0,5.0,5.0,5.0,5.0,5.0,4.0,5.0,4.0,50.0,39.0,5.0,73.09,84.0,3
4.15,4.0,4.0,3.0,4.0,4.0,4.0,4.0,4.0,4.0,4.0,4.0,5.0,4.0,5.0,4.0,5.0,4.0,47.0,45.0,4.0,80.79,93.0,3
4.47,4.0,4.0,4.0,4.0,4.0,4.0,4.0,4.0,4.0,4.0,4.0,5.0,4.0,5.0,4.0,5.0,4.0,48.0,42.0,4.0,76.74,88.0,3
4.44,5.0,5.0,3.0,5.0,5.0,5.0,5.0,5.0,5.0,5.0,5.0,5.0,5.0,3.0,5.0,3.0,5.0,38.0,50.0,4.0,68.75,0.0,4
4.34,5.0,5.0,3.0,5.0,5.0,5.0,5.0,5.0,5.0,5.0,5.0,5.0,5.0,3.0,5.0,3.0,5.0,38.0,47.0,4.0,63.11,0.0,4
4.5,5.0,5.0,4.0,5.0,5.0,5.0,5.0,5.0,5.0,5.0,5.0,5.0,5.0,4.0,5.0,4.0,5.0,38.0,48.0,4.0,72.28,0.0,4
4.23,4.0,4.0,3.0,4.0,4.0,4.0,4.0,4.0,4.0,4.0,4.0,4.0,4.0,3.0,4.0,3.0,4.0,39.0,47.0,4.0,58.61,0.0,1
4.48,5.0,5.0,4.0,5.0,5.0,5.0,5.0,5.0,5.0,5.0,5.0,5.0,5.0,4.0,5.0,4.0,5.0,38.0,48.0,4.0,71.89,0.0,4
4.55,5.0,5.0,4.0,5.0,5.0,5.0,5.0,5.0,5.0,5.0,5.0,5.0,5.0,4.0,5.0,4.0,5.0,37.0,47.0,4.0,73.98,0.0,4
4.29,4.0,4.0,3.0,4.0,5.0,4.0,5.0,4.0,5.0,4.0,5.0,4.0,5.0,3.0,5.0,3.0,5.0,38.0,47.0,4.0,61.8,0.0,4
4.48,5.0,5.0,4.0,5.0,5.0,5.0,5.0,5.0,5.0,5.0,5.0,5.0,5.0,4.0,5.0,4.0,5.0,38.0,50.0,4.0,70.83,0.0,4
4.45,5.0,5.0,3.0,5.0,5.0,5.0,5.0,5.0,5.0,5.0,5.0,5.0,5.0,3.0,5.0,3.0,5.0,39.0,50.0,4.0,68.64,0.0,4
4.48,5.0,5.0,4.0,5.0,5.0,5.0,5.0,5.0,5.0,5.0,5.0,5.0,5.0,4.0,5.0,4.0,5.0,38.0,49.0,4.0,71.11,0.0,4
4.54,5.0,5.0,4.0,5.0,5.0,5.0,5.0,5.0,5.0,5.0,5.0,5.0,5.0,4.0,5.0,4.0,5.0,37.0,48.0,4.0,74.8,0.0,4
4.48,5.0,5.0,4.0,5.0,5.0,5.0,5.0,5.0,5.0,5.0,5.0,5.0,5.0,4.0,5.0,4.0,5.0,38.0,49.0,4.0,71.09,0.0,4
4.27,4.0,4.0,3.0,4.0,4.0,4.0,4.0,4.0,4.0,4.0,4.0,4.0,4.0,3.0,4.0,3.0,4.0,39.0,48.0,4.0,60.98,0.0,4
4.5,5.0,5.0,4.0,5.0,5.0,5.0,5.0,5.0,5.0,5.0,5.0,5.0,5.0,4.0,5.0,4.0,5.0,38.0,48.0,4.0,72.08,0.0,4
4.39,5.0,5.0,3.0,5.0,5.0,5.0,5.0,5.0,5.0,5.0,5.0,5.0,5.0,3.0,5.0,3.0,5.0,38.0,48.0,4.0,67.25,0.0,4
4.49,5.0,5.0,3.0,5.0,5.0,5.0,5.0,5.0,5.0,5.0,5.0,5.0,5.0,4.0,5.0,4.0,5.0,38.0,50.0,4.0,71.14,0.0,4
4.48,5.0,5.0,4.0,5.0,5.0,5.0,5.0,5.0,5.0,5.0,5.0,5.0,5.0,4.0,5.0,4.0,5.0,38.0,49.0,4.0,70.96,0.0,4
4.48,5.0,5.0,4.0,5.0,5.0,5.0,5.0,5.0,5.0,5.0,5.0,5.0,5.0,4.0,5.0,4.0,5.0,38.0,49.0,4.0,71.07,0.0,4
4.51,5.0,5.0,3.0,5.0,5.0,5.0,5.0,5.0,5.0,5.0,5.0,5.0,5.0,5.0,5.0,5.0,5.0,38.0,51.0,4.0,71.25,0.0,4
4.48,4.0,4.0,4.0,4.0,4.0,4.0,4.0,4.0,4.0,4.0,4.0,4.0,4.0,4.0,4.0,4.0,4.0,38.0,51.0,4.0,70.17,0.0,4
4.48,5.0,5.0,4.0,5.0,5.0,5.0,5.0,5.0,5.0,5.0,5.0,5.0,5.0,4.0,5.0,4.0,5.0,38.0,49.0,4.0,71.1,0.0,4
4.26,4.0,4.0,3.0,4.0,5.0,4.0,5.0,4.0,5.0,4.0,5.0,4.0,5.0,3.0,5.0,3.0,5.0,39.0,48.0,4.0,60.05,0.0,4
4.55,5.0,5.0,4.0,5.0,5.0,5.0,5.0,5.0,5.0,5.0,5.0,5.0,5.0,4.0,5.0,4.0,5.0,37.0,47.0,4.0,73.91,0.0,4
4.53,5.0,5.0,4.0,5.0,5.0,5.0,5.0,5.0,5.0,5.0,5.0,5.0,5.0,4.0,5.0,4.0,5.0,37.0,47.0,4.0,73.3,0.0,4
4.29,5.0,5.0,3.0,5.0,5.0,5.0,5.0,5.0,5.0,5.0,5.0,5.0,5.0,3.0,5.0,3.0,5.0,38.0,47.0,4.0,62.06,0.0,4
4.48,5.0,5.0,4.0,5.0,5.0,5.0,5.0,5.0,5.0,5.0,5.0,5.0,5.0,4.0,5.0,4.0,5.0,38.0,49.0,4.0,70.88,0.0,4
4.22,4.0,4.0,3.0,4.0,4.0,4.0,4.0,4.0,4.0,4.0,4.0,4.0,4.0,3.0,4.0,3.0,4.0,39.0,47.0,4.0,57.91,0.0,1
4.48,5.0,5.0,4.0,5.0,5.0,5.0,5.0,5.0,5.0,5.0,5.0,5.0,5.0,4.0,5.0,4.0,5.0,38.0,49.0,4.0,71.08,0.0,4
4.48,5.0,5.0,4.0,5.0,5.0,5.0,5.0,5.0,5.0,5.0,5.0,5.0,5.0,4.0,5.0,4.0,5.0,38.0,49.0,4.0,70.98,0.0,4
4.48,5.0,5.0,4.0,5.0,5.0,5.0,5.0,5.0,5.0,5.0,5.0,5.0,5.0,4.0,5.0,4.0,5.0,38.0,49.0,4.0,71.03,0.0,4
4.26,4.0,4.0,3.0,4.0,5.0,4.0,5.0,4.0,5.0,4.0,5.0,4.0,5.0,3.0,5.0,3.0,5.0,39.0,48.0,4.0,60.27,0.0,4
4.48,5.0,5.0,4.0,5.0,5.0,5.0,5.0,5.0,5.0,5.0,5.0,5.0,5.0,4.0,5.0,4.0,5.0,38.0,49.0,4.0,71.06,0.0,4
4.51,5.0,5.0,4.0,5.0,5.0,5.0,5.0,5.0,5.0,5.0,5.0,5.0,5.0,4.0,5.0,4.0,5.0,38.0,48.0,4.0,72.82,0.0,4
4.29,5.0,5.0,3.0,5.0,5.0,5.0,5.0,5.0,5.0,5.0,5.0,5.0,5.0,3.0,5.0,3.0,5.0,38.0,47.0,4.0,61.68,0.0,4
4.25,4.0,4.0,3.0,4.0,4.0,4.0,4.0,4.0,4.0,4.0,4.0,4.0,4.0,3.0,4.0,3.0,4.0,39.0,48.0,4.0,59.62,0.0,4
4.29,5.0,5.0,3.0,5.0,5.0,5.0,5.0,5.0,5.0,5.0,5.0,5.0,5.0,3.0,5.0,3.0,5.0,38.0,47.0,4.0,62.01,0.0,4
4.3,5.0,5.0,3.0,5.0,5.0,5.0,5.0,5.0,5.0,5.0,5.0,5.0,5.0,3.0,5.0,3.0,5.0,38.0,47.0,4.0,62.22,0.0,4
4.51,5.0,5.0,4.0,5.0,5.0,5.0,5.0,5.0,5.0,5.0,5.0,5.0,5.0,4.0,5.0,4.0,5.0,38.0,48.0,4.0,72.81,0.0,4
4.29,5.0,5.0,3.0,5.0,5.0,5.0,5.0,5.0,5.0,5.0,5.0,5.0,5.0,3.0,5.0,3.0,5.0,38.0,47.0,4.0,61.8,0.0,4
4.5,5.0,5.0,3.0,5.0,5.0,5.0,5.0,5.0,5.0,5.0,5.0,5.0,5.0,4.0,5.0,4.0,5.0,38.0,51.0,4.0,71.21,0.0,4
4.49,5.0,5.0,4.0,5.0,5.0,5.0,5.0,5.0,5.0,5.0,5.0,5.0,5.0,4.0,5.0,4.0,5.0,38.0,48.0,4.0,72.02,0.0,4
4.51,5.0,5.0,3.0,5.0,5.0,5.0,5.0,5.0,5.0,5.0,5.0,5.0,5.0,5.0,5.0,5.0,5.0,38.0,51.0,4.0,71.25,0.0,4
4.46,4.0,4.0,4.0,4.0,5.0,4.0,5.0,4.0,5.0,4.0,5.0,4.0,5.0,4.0,5.0,4.0,5.0,39.0,51.0,4.0,68.77,0.0,4
4.48,5.0,5.0,4.0,5.0,5.0,5.0,5.0,5.0,5.0,5.0,5.0,5.0,5.0,4.0,5.0,4.0,5.0,38.0,49.0,4.0,70.99,0.0,4
4.49,5.0,5.0,3.0,5.0,5.0,5.0,5.0,5.0,5.0,5.0,5.0,5.0,5.0,4.0,5.0,4.0,5.0,38.0,50.0,4.0,71.18,0.0,4
4.48,5.0,5.0,4.0,5.0,5.0,5.0,5.0,5.0,5.0,5.0,5.0,5.0,5.0,4.0,5.0,4.0,5.0,38.0,49.0,4.0,71.05,0.0,4
4.48,5.0,5.0,4.0,5.0,5.0,5.0,5.0,5.0,5.0,5.0,5.0,5.0,5.0,4.0,5.0,4.0,5.0,38.0,49.0,4.0,70.94,0.0,4
4.04,4.0,4.0,4.0,4.0,5.0,4.0,5.0,4.0,5.0,4.0,5.0,4.0,5.0,4.0,5.0,4.0,5.0,44.0,30.0,3.0,10.21,0.0,5
3.61,3.0,3.0,3.0,3.0,4.0,3.0,4.0,3.0,4.0,3.0,4.0,3.0,4.0,3.0,4.0,3.0,4.0,44.0,40.0,3.0,13.01,0.0,5
3.88,3.0,3.0,3.0,3.0,5.0,3.0,5.0,3.0,5.0,3.0,5.0,3.0,5.0,3.0,5.0,3.0,5.0,44.0,34.0,3.0,11.6,0.0,5
4.04,4.0,4.0,4.0,4.0,5.0,4.0,5.0,4.0,5.0,4.0,5.0,4.0,5.0,4.0,5.0,4.0,5.0,44.0,30.0,3.0,10.04,0.0,5
4.04,3.0,3.0,3.0,4.0,4.0,4.0,4.0,4.0,4.0,4.0,4.0,4.0,4.0,4.0,4.0,4.0,4.0,44.0,32.0,3.0,12.44,0.0,5
3.43,3.0,3.0,3.0,3.0,4.0,3.0,4.0,3.0,4.0,3.0,4.0,3.0,4.0,3.0,4.0,3.0,4.0,44.0,44.0,3.0,13.85,0.0,5
3.43,3.0,3.0,3.0,3.0,4.0,3.0,4.0,3.0,4.0,3.0,4.0,3.0,4.0,3.0,4.0,3.0,4.0,44.0,45.0,4.0,15.25,0.0,5
4.04,3.0,3.0,3.0,4.0,4.0,4.0,4.0,4.0,4.0,4.0,4.0,4.0,4.0,4.0,4.0,4.0,4.0,44.0,30.0,3.0,10.8,0.0,5
4.04,4.0,4.0,4.0,4.0,5.0,4.0,5.0,4.0,5.0,4.0,5.0,4.0,5.0,4.0,5.0,4.0,5.0,44.0,30.0,3.0,10.12,0.0,5
3.71,3.0,3.0,3.0,3.0,4.0,3.0,4.0,3.0,4.0,3.0,4.0,3.0,4.0,3.0,4.0,3.0,4.0,44.0,38.0,3.0,12.54,0.0,5
4.04,4.0,4.0,4.0,4.0,5.0,4.0,5.0,4.0,5.0,4.0,5.0,4.0,5.0,4.0,5.0,4.0,5.0,44.0,30.0,3.0,10.42,0.0,5
4.04,4.0,4.0,4.0,4.0,5.0,4.0,5.0,4.0,5.0,4.0,5.0,4.0,5.0,4.0,5.0,4.0,5.0,44.0,30.0,3.0,10.42,0.0,5
3.44,3.0,3.0,3.0,3.0,4.0,3.0,4.0,3.0,4.0,3.0,4.0,3.0,4.0,3.0,4.0,3.0,4.0,44.0,44.0,3.0,14.55,0.0,5
4.04,4.0,4.0,4.0,4.0,5.0,4.0,5.0,4.0,5.0,4.0,5.0,4.0,5.0,4.0,5.0,4.0,5.0,44.0,30.0,3.0,10.41,0.0,5
3.44,3.0,3.0,3.0,3.0,4.0,3.0,4.0,3.0,4.0,3.0,4.0,3.0,4.0,3.0,4.0,3.0,4.0,44.0,44.0,3.0,13.83,0.0,5
4.04,4.0,4.0,4.0,4.0,5.0,4.0,5.0,4.0,5.0,4.0,5.0,4.0,5.0,4.0,5.0,4.0,5.0,44.0,31.0,3.0,12.27,0.0,5
4.03,4.0,4.0,4.0,4.0,5.0,4.0,5.0,4.0,5.0,4.0,5.0,4.0,5.0,4.0,5.0,4.0,5.0,44.0,32.0,3.0,12.27,0.0,5
4.04,4.0,4.0,4.0,4.0,5.0,4.0,5.0,4.0,5.0,4.0,5.0,4.0,5.0,4.0,5.0,4.0,5.0,44.0,30.0,3.0,10.26,0.0,5
4.04,4.0,4.0,4.0,4.0,5.0,4.0,5.0,4.0,5.0,4.0,5.0,4.0,5.0,4.0,5.0,4.0,5.0,44.0,30.0,3.0,10.41,0.0,5
3.44,3.0,3.0,3.0,3.0,4.0,3.0,4.0,3.0,4.0,3.0,4.0,3.0,4.0,3.0,4.0,3.0,4.0,44.0,44.0,3.0,14.77,0.0,5
3.67,3.0,3.0,3.0,3.0,4.0,3.0,4.0,3.0,4.0,3.0,4.0,3.0,4.0,3.0,4.0,3.0,4.0,44.0,39.0,3.0,12.48,0.0,5
4.04,4.0,4.0,4.0,4.0,5.0,4.0,5.0,4.0,5.0,4.0,5.0,4.0,5.0,4.0,5.0,4.0,5.0,44.0,30.0,3.0,10.16,0.0,5
3.41,3.0,3.0,3.0,3.0,4.0,3.0,4.0,3.0,4.0,3.0,4.0,3.0,4.0,3.0,4.0,3.0,4.0,45.0,45.0,4.0,13.99,0.0,5
3.44,3.0,3.0,3.0,3.0,4.0,3.0,4.0,3.0,4.0,3.0,4.0,3.0,4.0,3.0,4.0,3.0,4.0,44.0,44.0,3.0,13.82,0.0,5
4.04,3.0,3.0,3.0,4.0,4.0,4.0,4.0,4.0,4.0,4.0,4.0,4.0,4.0,4.0,4.0,4.0,4.0,44.0,30.0,3.0,10.78,0.0,5
3.42,3.0,3.0,3.0,3.0,4.0,3.0,4.0,3.0,4.0,3.0,4.0,3.0,4.0,3.0,4.0,3.0,4.0,44.0,45.0,4.0,14.73,0.0,5
3.5,3.0,3.0,3.0,3.0,4.0,3.0,4.0,3.0,4.0,3.0,4.0,3.0,4.0,3.0,4.0,3.0,4.0,44.0,42.0,3.0,14.07,0.0,5
4.04,4.0,4.0,4.0,4.0,5.0,4.0,5.0,4.0,5.0,4.0,5.0,4.0,5.0,4.0,5.0,4.0,5.0,44.0,31.0,3.0,12.52,0.0,5
3.41,3.0,3.0,3.0,3.0,4.0,3.0,4.0,3.0,4.0,3.0,4.0,3.0,4.0,3.0,4.0,3.0,4.0,45.0,45.0,4.0,14.0,0.0,5
4.04,3.0,3.0,3.0,4.0,4.0,4.0,4.0,4.0,4.0,4.0,4.0,4.0,4.0,4.0,4.0,4.0,4.0,44.0,30.0,3.0,10.8,0.0,5
3.43,3.0,3.0,3.0,3.0,4.0,3.0,4.0,3.0,4.0,3.0,4.0,3.0,4.0,3.0,4.0,3.0,4.0,44.0,44.0,3.0,13.86,0.0,5
4.04,4.0,4.0,4.0,4.0,5.0,4.0,5.0,4.0,5.0,4.0,5.0,4.0,5.0,4.0,5.0,4.0,5.0,44.0,30.0,3.0,10.48,0.0,5
4.03,4.0,4.0,4.0,4.0,5.0,4.0,5.0,4.0,5.0,4.0,5.0,4.0,5.0,4.0,5.0,4.0,5.0,44.0,32.0,3.0,12.56,0.0,5
4.04,3.0,3.0,3.0,4.0,4.0,4.0,4.0,4.0,4.0,4.0,4.0,4.0,4.0,4.0,4.0,4.0,4.0,44.0,30.0,3.0,10.68,0.0,5
3.44,3.0,3.0,3.0,3.0,4.0,3.0,4.0,3.0,4.0,3.0,4.0,3.0,4.0,3.0,4.0,3.0,4.0,44.0,44.0,3.0,13.97,0.0,5
3.7,3.0,3.0,3.0,3.0,4.0,3.0,4.0,3.0,4.0,3.0,4.0,3.0,4.0,3.0,4.0,3.0,4.0,44.0,38.0,3.0,12.54,0.0,5
3.43,3.0,3.0,3.0,3.0,4.0,3.0,4.0,3.0,4.0,3.0,4.0,3.0,4.0,3.0,4.0,3.0,4.0,44.0,45.0,4.0,14.63,0.0,5
4.03,4.0,4.0,4.0,4.0,5.0,4.0,5.0,4.0,5.0,4.0,5.0,4.0,5.0,4.0,5.0,4.0,5.0,44.0,32.0,3.0,12.75,0.0,5
4.04,3.0,3.0,3.0,4.0,4.0,4.0,4.0,4.0,4.0,4.0,4.0,4.0,4.0,4.0,4.0,4.0,4.0,44.0,31.0,3.0,11.74,0.0,5
4.45,4.0,4.0,4.0,4.0,4.0,4.0,5.0,4.0,5.0,4.0,5.0,4.0,5.0,4.0,5.0,4.0,5.0,46.0,62.0,3.0,71.89,88.0,7
4.76,4.0,4.0,5.0,5.0,5.0,5.0,5.0,5.0,4.0,5.0,4.0,5.0,4.0,5.0,4.0,5.0,4.0,55.0,66.0,5.0,95.53,97.0,7
4.35,5.0,4.0,5.0,4.0,4.0,4.0,4.0,4.0,4.0,4.0,5.0,4.0,5.0,4.0,5.0,4.0,5.0,54.0,68.0,5.0,68.2,72.0,7
4.65,4.0,4.0,5.0,5.0,5.0,5.0,5.0,5.0,4.0,5.0,4.0,5.0,4.0,5.0,4.0,5.0,4.0,56.0,65.0,5.0,94.27,98.0,7
4.38,4.0,4.0,4.0,4.0,4.0,4.0,4.0,4.0,4.0,5.0,4.0,5.0,4.0,4.0,4.0,4.0,4.0,47.0,52.0,4.0,71.56,90.0,7
4.62,4.0,4.0,5.0,5.0,5.0,5.0,5.0,5.0,5.0,5.0,5.0,4.0,5.0,4.0,5.0,4.0,5.0,55.0,70.0,5.0,84.09,96.0,7
4.41,5.0,5.0,4.0,4.0,4.0,4.0,4.0,4.0,5.0,4.0,5.0,4.0,5.0,4.0,5.0,4.0,5.0,47.0,60.0,5.0,85.83,91.0,7
4.66,4.0,4.0,5.0,5.0,5.0,5.0,5.0,5.0,5.0,5.0,5.0,4.0,5.0,4.0,5.0,4.0,5.0,50.0,64.0,5.0,73.22,93.0,7
4.77,5.0,4.0,5.0,5.0,5.0,5.0,5.0,5.0,5.0,5.0,5.0,5.0,5.0,5.0,5.0,5.0,5.0,55.0,66.0,5.0,95.37,97.0,7
4.32,4.0,4.0,4.0,4.0,4.0,4.0,4.0,4.0,4.0,4.0,4.0,4.0,5.0,4.0,5.0,4.0,5.0,53.0,66.0,4.0,66.94,72.0,7
4.55,4.0,4.0,5.0,5.0,5.0,5.0,5.0,5.0,5.0,5.0,5.0,5.0,5.0,4.0,5.0,4.0,5.0,50.0,58.0,5.0,72.67,93.0,7
4.3,4.0,4.0,4.0,4.0,4.0,4.0,4.0,4.0,4.0,5.0,4.0,5.0,4.0,4.0,4.0,4.0,4.0,47.0,50.0,4.0,71.22,90.0,7
4.35,5.0,4.0,5.0,4.0,4.0,4.0,4.0,4.0,4.0,4.0,5.0,4.0,5.0,4.0,5.0,4.0,5.0,54.0,68.0,5.0,68.15,72.0,7
4.34,4.0,4.0,4.0,4.0,4.0,4.0,5.0,4.0,5.0,4.0,5.0,4.0,5.0,4.0,5.0,4.0,5.0,48.0,64.0,4.0,69.71,79.0,7
4.32,4.0,4.0,4.0,4.0,4.0,4.0,5.0,4.0,5.0,4.0,5.0,4.0,5.0,4.0,5.0,4.0,5.0,45.0,57.0,3.0,71.21,88.0,7
4.85,5.0,5.0,5.0,5.0,5.0,5.0,5.0,5.0,5.0,5.0,5.0,5.0,5.0,4.0,5.0,4.0,5.0,46.0,59.0,5.0,74.51,92.0,7
4.79,4.0,4.0,5.0,5.0,5.0,5.0,5.0,5.0,5.0,5.0,5.0,4.0,5.0,4.0,5.0,4.0,5.0,50.0,63.0,5.0,73.78,94.0,7
4.6,5.0,5.0,4.0,4.0,4.0,4.0,4.0,4.0,5.0,4.0,5.0,4.0,5.0,4.0,5.0,4.0,5.0,48.0,63.0,5.0,87.83,92.0,7
4.5,5.0,4.0,5.0,5.0,5.0,4.0,5.0,4.0,5.0,5.0,5.0,5.0,5.0,5.0,5.0,5.0,5.0,58.0,72.0,5.0,89.5,97.0,7
4.6,4.0,4.0,4.0,4.0,4.0,4.0,5.0,4.0,5.0,4.0,5.0,4.0,5.0,4.0,5.0,4.0,5.0,45.0,61.0,4.0,72.39,89.0,7
4.35,5.0,4.0,5.0,4.0,4.0,4.0,4.0,4.0,4.0,4.0,5.0,4.0,5.0,4.0,5.0,4.0,5.0,54.0,68.0,5.0,68.37,72.0,7
4.37,4.0,4.0,4.0,4.0,4.0,4.0,4.0,4.0,4.0,5.0,4.0,5.0,4.0,5.0,4.0,5.0,4.0,58.0,71.0,5.0,86.62,97.0,7
4.36,4.0,4.0,4.0,4.0,4.0,4.0,4.0,4.0,4.0,5.0,4.0,5.0,4.0,5.0,4.0,5.0,4.0,58.0,71.0,5.0,82.74,97.0,7
4.59,4.0,4.0,4.0,4.0,4.0,4.0,5.0,4.0,5.0,4.0,5.0,4.0,5.0,4.0,5.0,4.0,5.0,45.0,61.0,4.0,72.34,89.0,7
4.76,4.0,4.0,5.0,5.0,5.0,5.0,5.0,5.0,5.0,5.0,5.0,4.0,5.0,4.0,5.0,4.0,5.0,55.0,68.0,5.0,77.74,97.0,7
4.36,4.0,4.0,4.0,4.0,4.0,4.0,5.0,4.0,5.0,4.0,5.0,4.0,5.0,4.0,5.0,4.0,5.0,44.0,62.0,3.0,71.36,86.0,7
4.41,4.0,4.0,4.0,4.0,4.0,4.0,4.0,4.0,5.0,4.0,5.0,4.0,5.0,4.0,5.0,4.0,5.0,46.0,60.0,4.0,85.42,90.0,7
4.67,4.0,4.0,5.0,5.0,5.0,5.0,5.0,5.0,4.0,5.0,4.0,5.0,4.0,5.0,4.0,5.0,4.0,57.0,64.0,5.0,97.05,99.0,7
4.63,4.0,4.0,5.0,5.0,5.0,5.0,5.0,5.0,4.0,5.0,4.0,5.0,4.0,5.0,4.0,5.0,4.0,56.0,60.0,5.0,97.65,100.0,7
4.77,4.0,4.0,5.0,5.0,5.0,5.0,5.0,5.0,5.0,5.0,5.0,4.0,5.0,4.0,5.0,4.0,5.0,52.0,65.0,5.0,75.37,95.0,7
4.42,5.0,5.0,4.0,4.0,4.0,4.0,4.0,4.0,5.0,4.0,5.0,4.0,5.0,4.0,5.0,4.0,5.0,47.0,60.0,5.0,86.09,91.0,7
4.33,4.0,4.0,4.0,4.0,4.0,4.0,5.0,4.0,5.0,4.0,5.0,4.0,5.0,4.0,5.0,4.0,5.0,49.0,64.0,4.0,68.57,78.0,7
4.35,5.0,4.0,5.0,4.0,4.0,4.0,4.0,4.0,4.0,4.0,5.0,4.0,5.0,4.0,5.0,4.0,5.0,50.0,66.0,4.0,69.56,78.0,7
4.33,4.0,4.0,4.0,4.0,4.0,4.0,4.0,4.0,4.0,4.0,4.0,4.0,5.0,4.0,5.0,4.0,5.0,53.0,67.0,4.0,67.46,72.0,7
4.75,4.0,4.0,5.0,5.0,5.0,5.0,5.0,5.0,5.0,5.0,5.0,4.0,5.0,4.0,5.0,4.0,5.0,52.0,64.0,5.0,73.82,95.0,7
4.5,5.0,4.0,5.0,5.0,5.0,4.0,5.0,4.0,5.0,4.0,5.0,4.0,5.0,4.0,5.0,4.0,5.0,65.0,75.0,5.0,96.52,99.0,7
4.34,4.0,4.0,4.0,4.0,4.0,4.0,4.0,4.0,4.0,4.0,4.0,4.0,5.0,4.0,5.0,4.0,5.0,52.0,66.0,4.0,68.18,73.0,7
4.44,4.0,4.0,4.0,4.0,4.0,4.0,5.0,4.0,5.0,4.0,5.0,4.0,5.0,4.0,5.0,4.0,5.0,46.0,62.0,3.0,71.81,88.0,7
4.5,5.0,5.0,4.0,4.0,4.0,4.0,4.0,4.0,5.0,4.0,5.0,4.0,5.0,4.0,5.0,4.0,5.0,50.0,60.0,5.0,90.53,95.0,7
4.69,4.0,4.0,5.0,5.0,5.0,5.0,5.0,5.0,4.0,5.0,4.0,5.0,4.0,5.0,4.0,5.0,4.0,55.0,64.0,5.0,95.22,98.0,7
4.95,5.0,5.0,5.0,5.0,5.0,5.0,5.0,5.0,5.0,5.0,5.0,5.0,5.0,5.0,5.0,5.0,5.0,52.0,68.0,5.0,88.62,94.0,7
4.99,5.0,5.0,5.0,5.0,5.0,5.0,5.0,5.0,5.0,5.0,5.0,5.0,5.0,5.0,5.0,5.0,5.0,51.0,68.0,5.0,90.87,94.0,7
4.32,4.0,4.0,4.0,4.0,4.0,4.0,4.0,4.0,4.0,4.0,4.0,4.0,5.0,4.0,5.0,4.0,5.0,53.0,66.0,4.0,66.86,72.0,7
4.92,5.0,5.0,5.0,5.0,5.0,5.0,5.0,5.0,5.0,5.0,5.0,5.0,5.0,5.0,5.0,5.0,5.0,52.0,68.0,5.0,86.89,95.0,7
4.85,5.0,4.0,5.0,5.0,5.0,4.0,5.0,4.0,5.0,4.0,5.0,4.0,5.0,4.0,5.0,4.0,5.0,56.0,71.0,5.0,94.27,96.0,7
4.84,5.0,4.0,5.0,5.0,5.0,5.0,5.0,5.0,5.0,5.0,5.0,4.0,5.0,4.0,5.0,4.0,5.0,55.0,70.0,5.0,90.29,96.0,7
4.74,4.0,4.0,5.0,5.0,5.0,5.0,5.0,5.0,5.0,5.0,5.0,4.0,5.0,4.0,5.0,4.0,5.0,56.0,68.0,5.0,77.0,97.0,7
4.8,4.0,4.0,5.0,5.0,5.0,5.0,5.0,5.0,5.0,5.0,5.0,4.0,5.0,4.0,5.0,4.0,5.0,50.0,62.0,5.0,73.77,94.0,7
4.35,4.0,4.0,4.0,4.0,4.0,4.0,5.0,4.0,5.0,4.0,5.0,4.0,5.0,4.0,5.0,4.0,5.0,44.0,62.0,3.0,71.35,86.0,7
4.88,5.0,4.0,5.0,5.0,5.0,4.0,5.0,4.0,5.0,4.0,5.0,4.0,5.0,4.0,5.0,4.0,5.0,55.0,70.0,5.0,93.74,95.0,7
4.65,5.0,5.0,5.0,5.0,5.0,5.0,5.0,5.0,5.0,5.0,5.0,5.0,5.0,4.0,5.0,4.0,5.0,45.0,60.0,4.0,72.63,89.0,7
4.41,5.0,5.0,4.0,4.0,4.0,4.0,4.0,4.0,5.0,4.0,5.0,4.0,5.0,4.0,5.0,4.0,5.0,47.0,60.0,5.0,85.64,91.0,7
4.35,4.0,4.0,4.0,4.0,4.0,4.0,5.0,4.0,5.0,4.0,5.0,4.0,5.0,4.0,5.0,4.0,5.0,44.0,62.0,3.0,71.27,86.0,7
4.85,5.0,5.0,5.0,5.0,5.0,5.0,5.0,5.0,5.0,5.0,5.0,5.0,5.0,4.0,5.0,4.0,5.0,48.0,60.0,5.0,73.66,93.0,7
4.32,4.0,4.0,4.0,4.0,4.0,4.0,5.0,4.0,5.0,4.0,5.0,4.0,5.0,4.0,5.0,4.0,5.0,45.0,59.0,3.0,71.19,87.0,7
4.74,5.0,5.0,5.0,5.0,5.0,5.0,5.0,5.0,5.0,5.0,5.0,5.0,5.0,4.0,5.0,4.0,5.0,46.0,57.0,5.0,73.02,92.0,7
4.33,4.0,4.0,4.0,4.0,4.0,4.0,4.0,4.0,4.0,4.0,4.0,4.0,5.0,4.0,5.0,4.0,5.0,51.0,65.0,4.0,67.78,76.0,7
4.74,4.0,4.0,5.0,5.0,5.0,5.0,5.0,5.0,5.0,5.0,5.0,4.0,5.0,4.0,5.0,4.0,5.0,52.0,64.0,5.0,73.75,95.0,7
4.56,4.0,4.0,5.0,5.0,5.0,5.0,5.0,5.0,5.0,5.0,5.0,4.0,5.0,4.0,5.0,4.0,5.0,58.0,69.0,5.0,77.39,98.0,7
4.34,4.0,4.0,4.0,4.0,4.0,4.0,5.0,4.0,5.0,4.0,5.0,4.0,5.0,4.0,5.0,4.0,5.0,44.0,61.0,3.0,71.37,86.0,7
4.33,4.0,4.0,4.0,4.0,4.0,4.0,5.0,4.0,5.0,4.0,5.0,4.0,5.0,4.0,5.0,4.0,5.0,49.0,64.0,4.0,68.7,78.0,7
4.71,5.0,4.0,5.0,5.0,5.0,4.0,5.0,4.0,5.0,4.0,5.0,4.0,5.0,4.0,5.0,4.0,5.0,57.0,71.0,5.0,92.76,96.0,7
4.41,4.0,4.0,4.0,4.0,4.0,4.0,5.0,4.0,5.0,4.0,5.0,4.0,5.0,4.0,5.0,4.0,5.0,44.0,62.0,3.0,71.51,87.0,7
4.86,5.0,5.0,5.0,5.0,5.0,5.0,5.0,5.0,5.0,5.0,5.0,5.0,5.0,5.0,5.0,5.0,5.0,53.0,65.0,5.0,93.9,96.0,7
4.2,4.0,3.0,4.0,4.0,4.0,4.0,4.0,4.0,4.0,4.0,4.0,5.0,4.0,5.0,4.0,5.0,4.0,58.0,70.0,4.0,33.16,83.0,6
4.14,3.0,3.0,3.0,4.0,4.0,4.0,4.0,4.0,4.0,5.0,4.0,5.0,4.0,5.0,4.0,5.0,4.0,47.0,66.0,4.0,42.03,72.0,6
4.39,4.0,4.0,4.0,4.0,4.0,5.0,4.0,5.0,4.0,5.0,4.0,5.0,4.0,5.0,4.0,5.0,4.0,50.0,58.0,4.0,36.66,83.0,6
4.32,4.0,4.0,4.0,4.0,4.0,4.0,4.0,4.0,4.0,4.0,4.0,5.0,4.0,5.0,4.0,5.0,4.0,51.0,55.0,4.0,33.85,84.0,6
4.34,4.0,3.0,4.0,4.0,4.0,4.0,4.0,4.0,4.0,4.0,4.0,5.0,4.0,5.0,4.0,5.0,4.0,51.0,62.0,4.0,37.18,76.0,6
4.2,4.0,4.0,4.0,4.0,4.0,4.0,4.0,4.0,4.0,4.0,4.0,5.0,4.0,5.0,4.0,5.0,4.0,57.0,57.0,4.0,29.86,82.0,6
4.23,4.0,3.0,4.0,4.0,4.0,4.0,4.0,4.0,4.0,4.0,4.0,5.0,4.0,5.0,4.0,5.0,4.0,55.0,66.0,4.0,36.42,79.0,6
4.23,4.0,4.0,4.0,5.0,5.0,5.0,5.0,4.0,5.0,4.0,5.0,4.0,4.0,4.0,4.0,4.0,4.0,41.0,53.0,4.0,28.0,76.0,6
4.2,4.0,3.0,4.0,4.0,4.0,4.0,4.0,4.0,4.0,4.0,4.0,5.0,4.0,5.0,4.0,5.0,4.0,58.0,71.0,4.0,32.08,85.0,6
4.2,4.0,3.0,4.0,4.0,4.0,4.0,4.0,4.0,4.0,5.0,4.0,5.0,4.0,5.0,4.0,5.0,4.0,55.0,68.0,4.0,40.98,73.0,6
4.16,4.0,3.0,4.0,4.0,4.0,4.0,4.0,4.0,4.0,5.0,4.0,5.0,4.0,5.0,4.0,5.0,4.0,51.0,67.0,4.0,41.61,71.0,6
4.19,4.0,3.0,4.0,4.0,4.0,4.0,4.0,4.0,4.0,5.0,4.0,5.0,4.0,5.0,4.0,5.0,4.0,54.0,68.0,4.0,41.26,73.0,6
4.2,4.0,4.0,4.0,4.0,4.0,4.0,4.0,4.0,4.0,4.0,4.0,5.0,4.0,5.0,4.0,5.0,4.0,57.0,56.0,4.0,29.58,83.0,6
4.13,3.0,3.0,3.0,4.0,4.0,4.0,4.0,4.0,4.0,4.0,4.0,5.0,4.0,5.0,4.0,5.0,4.0,46.0,66.0,4.0,41.98,72.0,6
4.15,4.0,3.0,4.0,4.0,4.0,4.0,4.0,4.0,4.0,4.0,4.0,5.0,4.0,5.0,4.0,5.0,4.0,50.0,67.0,4.0,41.59,71.0,6
4.2,4.0,3.0,4.0,4.0,4.0,4.0,4.0,4.0,4.0,5.0,4.0,5.0,4.0,5.0,4.0,5.0,4.0,55.0,68.0,4.0,40.7,73.0,6
4.11,3.0,3.0,3.0,4.0,4.0,4.0,4.0,4.0,4.0,4.0,4.0,5.0,4.0,5.0,4.0,5.0,4.0,46.0,67.0,4.0,42.83,70.0,6
4.2,4.0,3.0,4.0,4.0,4.0,4.0,4.0,4.0,4.0,4.0,4.0,5.0,4.0,5.0,4.0,5.0,4.0,58.0,71.0,4.0,31.17,86.0,6
4.19,4.0,4.0,4.0,4.0,4.0,4.0,4.0,4.0,4.0,4.0,4.0,5.0,4.0,5.0,4.0,5.0,4.0,57.0,56.0,4.0,29.46,83.0,6
4.3,4.0,4.0,4.0,4.0,4.0,4.0,4.0,4.0,4.0,4.0,4.0,5.0,4.0,5.0,4.0,5.0,4.0,50.0,59.0,4.0,38.36,79.0,6
4.05,3.0,3.0,3.0,4.0,4.0,4.0,4.0,4.0,4.0,4.0,4.0,5.0,4.0,5.0,4.0,5.0,4.0,40.0,67.0,4.0,43.84,70.0,6
4.05,3.0,3.0,3.0,4.0,4.0,4.0,4.0,4.0,4.0,4.0,4.0,5.0,4.0,5.0,4.0,5.0,4.0,40.0,67.0,4.0,43.93,69.0,6
4.2,4.0,4.0,4.0,4.0,4.0,4.0,4.0,4.0,4.0,4.0,4.0,5.0,4.0,5.0,4.0,5.0,4.0,45.0,49.0,4.0,39.35,80.0,6
4.15,4.0,3.0,4.0,4.0,4.0,4.0,4.0,4.0,4.0,4.0,4.0,5.0,4.0,5.0,4.0,5.0,4.0,50.0,67.0,4.0,41.59,71.0,6
4.11,3.0,3.0,3.0,4.0,4.0,4.0,4.0,4.0,4.0,4.0,4.0,5.0,4.0,5.0,4.0,5.0,4.0,46.0,67.0,4.0,42.49,70.0,6
4.14,4.0,3.0,4.0,4.0,4.0,4.0,4.0,4.0,4.0,5.0,4.0,5.0,4.0,5.0,4.0,5.0,4.0,49.0,68.0,4.0,42.3,71.0,6
4.13,4.0,4.0,4.0,4.0,4.0,4.0,4.0,4.0,4.0,4.0,4.0,5.0,4.0,5.0,4.0,5.0,4.0,45.0,50.0,4.0,39.35,79.0,6
4.26,4.0,3.0,4.0,4.0,4.0,4.0,4.0,4.0,4.0,4.0,4.0,5.0,4.0,5.0,4.0,5.0,4.0,52.0,62.0,4.0,39.1,77.0,6
4.21,4.0,4.0,4.0,4.0,4.0,4.0,4.0,4.0,4.0,4.0,4.0,5.0,4.0,5.0,4.0,5.0,4.0,56.0,56.0,4.0,30.37,83.0,6
4.28,4.0,3.0,4.0,4.0,4.0,4.0,4.0,4.0,4.0,4.0,4.0,5.0,4.0,5.0,4.0,5.0,4.0,53.0,64.0,4.0,36.99,77.0,6
4.15,4.0,4.0,4.0,4.0,4.0,4.0,4.0,4.0,4.0,4.0,4.0,4.0,4.0,4.0,4.0,4.0,4.0,41.0,53.0,4.0,28.57,75.0,6
4.3,4.0,4.0,4.0,4.0,4.0,4.0,4.0,4.0,4.0,4.0,4.0,5.0,4.0,5.0,4.0,5.0,4.0,50.0,59.0,4.0,38.37,79.0,6
4.12,3.0,3.0,3.0,4.0,4.0,4.0,4.0,4.0,4.0,4.0,4.0,5.0,4.0,5.0,4.0,5.0,4.0,47.0,67.0,4.0,42.22,71.0,6
4.25,4.0,3.0,4.0,4.0,4.0,4.0,4.0,4.0,4.0,4.0,4.0,5.0,4.0,5.0,4.0,5.0,4.0,54.0,65.0,4.0,37.1,78.0,6
4.01,3.0,3.0,3.0,4.0,4.0,4.0,4.0,4.0,4.0,4.0,4.0,4.0,4.0,4.0,4.0,4.0,4.0,45.0,47.0,3.0,31.91,0.0,1
4.0,3.0,3.0,3.0,4.0,4.0,4.0,4.0,4.0,4.0,4.0,4.0,4.0,4.0,4.0,4.0,4.0,4.0,45.0,54.0,3.0,39.33,0.0,1
3.77,3.0,3.0,3.0,3.0,4.0,3.0,4.0,3.0,4.0,3.0,4.0,3.0,4.0,3.0,4.0,3.0,4.0,45.0,48.0,3.0,27.42,0.0,1
3.99,3.0,3.0,3.0,3.0,5.0,3.0,5.0,3.0,5.0,3.0,5.0,3.0,5.0,3.0,5.0,5.0,5.0,45.0,55.0,4.0,40.14,0.0,1
3.99,3.0,3.0,3.0,3.0,5.0,3.0,5.0,3.0,5.0,3.0,5.0,3.0,5.0,3.0,5.0,5.0,5.0,45.0,55.0,4.0,39.99,0.0,1
4.01,3.0,3.0,3.0,4.0,4.0,4.0,4.0,4.0,4.0,4.0,4.0,4.0,4.0,4.0,4.0,4.0,4.0,45.0,47.0,3.0,31.86,0.0,1
4.1,4.0,4.0,4.0,4.0,5.0,4.0,5.0,4.0,5.0,4.0,5.0,4.0,5.0,4.0,5.0,4.0,5.0,40.0,47.0,4.0,51.06,0.0,1
3.99,3.0,3.0,3.0,3.0,5.0,3.0,5.0,3.0,5.0,3.0,5.0,3.0,5.0,3.0,5.0,5.0,5.0,44.0,53.0,4.0,40.86,0.0,1
3.97,3.0,3.0,3.0,3.0,5.0,3.0,5.0,3.0,5.0,3.0,5.0,3.0,5.0,3.0,5.0,3.0,5.0,42.0,48.0,4.0,41.92,0.0,1
3.99,3.0,3.0,3.0,3.0,5.0,3.0,5.0,3.0,5.0,3.0,5.0,3.0,5.0,3.0,5.0,4.0,5.0,45.0,54.0,4.0,39.36,0.0,1
4.0,3.0,3.0,3.0,4.0,4.0,4.0,4.0,4.0,4.0,4.0,4.0,4.0,4.0,4.0,4.0,4.0,4.0,45.0,54.0,3.0,39.19,0.0,1
4.14,4.0,4.0,3.0,4.0,4.0,4.0,4.0,4.0,4.0,4.0,4.0,4.0,4.0,3.0,4.0,3.0,4.0,40.0,47.0,4.0,53.71,0.0,1
4.14,4.0,4.0,3.0,4.0,4.0,4.0,4.0,4.0,4.0,4.0,4.0,4.0,4.0,3.0,4.0,3.0,4.0,40.0,47.0,4.0,53.22,0.0,1
4.0,4.0,3.0,4.0,4.0,4.0,4.0,4.0,4.0,4.0,4.0,4.0,4.0,4.0,4.0,4.0,5.0,4.0,46.0,56.0,4.0,40.44,0.0,1
4.0,3.0,3.0,3.0,4.0,4.0,4.0,4.0,4.0,4.0,4.0,4.0,4.0,4.0,4.0,4.0,4.0,4.0,45.0,54.0,3.0,39.15,0.0,1
3.98,3.0,3.0,3.0,3.0,5.0,3.0,5.0,3.0,5.0,3.0,5.0,3.0,5.0,3.0,5.0,3.0,5.0,45.0,53.0,3.0,38.49,0.0,1
3.99,3.0,3.0,3.0,3.0,5.0,3.0,5.0,3.0,5.0,3.0,5.0,3.0,5.0,3.0,5.0,5.0,5.0,45.0,55.0,4.0,39.95,0.0,1
4.0,3.0,3.0,3.0,4.0,4.0,4.0,4.0,4.0,4.0,4.0,4.0,4.0,4.0,4.0,4.0,4.0,4.0,45.0,54.0,3.0,39.23,0.0,1
4.03,4.0,3.0,4.0,4.0,4.0,4.0,4.0,4.0,4.0,4.0,4.0,4.0,4.0,4.0,4.0,4.0,4.0,45.0,55.0,4.0,42.49,0.0,1
3.8,3.0,3.0,3.0,3.0,5.0,3.0,5.0,3.0,5.0,3.0,5.0,3.0,5.0,3.0,5.0,3.0,5.0,45.0,48.0,3.0,27.64,0.0,1
3.81,3.0,3.0,3.0,3.0,5.0,3.0,5.0,3.0,5.0,3.0,5.0,3.0,5.0,3.0,5.0,3.0,5.0,45.0,48.0,3.0,27.96,0.0,1
3.96,3.0,3.0,3.0,3.0,5.0,3.0,5.0,3.0,5.0,3.0,5.0,3.0,5.0,3.0,5.0,3.0,5.0,42.0,49.0,4.0,41.06,0.0,1
3.99,3.0,3.0,3.0,3.0,5.0,3.0,5.0,3.0,5.0,3.0,5.0,3.0,5.0,3.0,5.0,5.0,5.0,45.0,55.0,4.0,40.04,0.0,1
3.99,3.0,3.0,3.0,3.0,5.0,3.0,5.0,3.0,5.0,3.0,5.0,3.0,5.0,3.0,5.0,5.0,5.0,45.0,55.0,4.0,39.91,0.0,1
4.01,3.0,3.0,3.0,3.0,5.0,3.0,5.0,3.0,5.0,3.0,5.0,3.0,5.0,3.0,5.0,3.0,5.0,41.0,48.0,4.0,45.22,0.0,1
4.0,3.0,3.0,3.0,4.0,4.0,4.0,4.0,4.0,4.0,4.0,4.0,4.0,4.0,4.0,4.0,4.0,4.0,45.0,53.0,3.0,37.61,0.0,1
4.0,3.0,3.0,3.0,4.0,4.0,4.0,4.0,4.0,4.0,4.0,4.0,4.0,4.0,4.0,4.0,4.0,4.0,45.0,53.0,3.0,37.54,0.0,1
4.0,3.0,3.0,3.0,3.0,5.0,3.0,5.0,3.0,5.0,3.0,5.0,3.0,5.0,3.0,5.0,5.0,5.0,45.0,55.0,4.0,40.35,0.0,1
4.14,4.0,4.0,3.0,4.0,4.0,4.0,4.0,4.0,4.0,4.0,4.0,4.0,4.0,3.0,4.0,3.0,4.0,40.0,47.0,4.0,53.62,0.0,1
4.13,4.0,4.0,4.0,4.0,5.0,4.0,5.0,4.0,5.0,4.0,5.0,4.0,5.0,4.0,5.0,4.0,5.0,39.0,47.0,4.0,53.11,0.0,1
3.99,3.0,3.0,3.0,3.0,5.0,3.0,5.0,3.0,5.0,3.0,5.0,3.0,5.0,3.0,5.0,5.0,5.0,45.0,55.0,4.0,39.99,0.0,1
4.06,4.0,4.0,4.0,4.0,4.0,4.0,4.0,4.0,4.0,4.0,4.0,4.0,4.0,4.0,4.0,5.0,4.0,52.0,39.0,4.0,57.94,90.0,2
4.82,4.0,4.0,4.0,5.0,5.0,5.0,5.0,5.0,5.0,5.0,5.0,5.0,5.0,5.0,5.0,5.0,4.0,46.0,30.0,5.0,54.61,89.0,2
4.21,4.0,4.0,4.0,4.0,4.0,4.0,4.0,4.0,4.0,4.0,4.0,4.0,4.0,4.0,4.0,5.0,4.0,53.0,46.0,4.0,56.84,90.0,2
4.75,4.0,4.0,4.0,5.0,5.0,5.0,5.0,5.0,5.0,5.0,5.0,5.0,5.0,5.0,5.0,5.0,5.0,46.0,31.0,4.0,54.65,89.0,2
4.16,4.0,4.0,4.0,4.0,4.0,4.0,4.0,4.0,4.0,4.0,4.0,4.0,4.0,4.0,4.0,5.0,4.0,54.0,45.0,4.0,56.75,90.0,2
4.8,3.0,3.0,3.0,5.0,5.0,5.0,5.0,5.0,5.0,5.0,5.0,5.0,5.0,5.0,5.0,5.0,5.0,48.0,30.0,4.0,53.02,88.0,2
4.15,4.0,4.0,4.0,4.0,4.0,4.0,4.0,4.0,4.0,4.0,4.0,5.0,4.0,5.0,4.0,5.0,4.0,46.0,50.0,4.0,55.88,88.0,2
4.79,3.0,3.0,3.0,5.0,5.0,5.0,5.0,5.0,5.0,5.0,5.0,5.0,5.0,5.0,5.0,5.0,5.0,44.0,30.0,4.0,59.82,86.0,2
4.07,4.0,4.0,4.0,4.0,4.0,4.0,4.0,4.0,4.0,4.0,4.0,4.0,4.0,4.0,4.0,5.0,4.0,52.0,40.0,4.0,57.77,90.0,2
4.26,4.0,4.0,4.0,4.0,4.0,4.0,4.0,4.0,4.0,4.0,4.0,4.0,4.0,4.0,4.0,4.0,4.0,52.0,47.0,4.0,56.94,90.0,2
4.81,4.0,4.0,4.0,5.0,5.0,5.0,5.0,5.0,5.0,5.0,5.0,5.0,5.0,5.0,5.0,5.0,5.0,51.0,31.0,4.0,48.74,91.0,2
4.7,4.0,4.0,4.0,5.0,5.0,5.0,5.0,5.0,5.0,5.0,5.0,5.0,5.0,5.0,5.0,5.0,5.0,48.0,31.0,4.0,53.45,88.0,2
4.68,3.0,3.0,3.0,5.0,5.0,5.0,5.0,5.0,5.0,5.0,5.0,5.0,5.0,5.0,5.0,5.0,5.0,48.0,30.0,3.0,52.1,88.0,2
4.78,3.0,3.0,3.0,5.0,5.0,5.0,5.0,5.0,5.0,5.0,5.0,5.0,5.0,5.0,5.0,5.0,5.0,44.0,30.0,4.0,59.35,86.0,2
4.24,4.0,4.0,4.0,4.0,4.0,4.0,4.0,4.0,5.0,4.0,5.0,4.0,5.0,4.0,5.0,5.0,5.0,53.0,48.0,4.0,56.79,91.0,2
4.31,4.0,4.0,5.0,4.0,4.0,4.0,4.0,4.0,5.0,4.0,5.0,4.0,5.0,4.0,5.0,4.0,5.0,53.0,50.0,4.0,56.77,91.0,2
4.07,4.0,4.0,4.0,4.0,4.0,4.0,4.0,4.0,4.0,4.0,4.0,4.0,4.0,4.0,4.0,5.0,4.0,52.0,40.0,4.0,57.8,90.0,2
4.07,4.0,4.0,4.0,4.0,4.0,4.0,4.0,4.0,4.0,4.0,4.0,4.0,4.0,4.0,4.0,5.0,4.0,52.0,40.0,4.0,57.81,90.0,2
4.26,4.0,4.0,4.0,4.0,4.0,4.0,4.0,4.0,4.0,4.0,4.0,4.0,4.0,4.0,4.0,4.0,4.0,52.0,47.0,4.0,56.99,90.0,2
3.99,3.0,3.0,3.0,4.0,4.0,4.0,4.0,4.0,4.0,4.0,4.0,4.0,4.0,4.0,4.0,5.0,4.0,52.0,48.0,4.0,51.88,91.0,2
4.04,3.0,3.0,3.0,4.0,4.0,4.0,4.0,4.0,4.0,4.0,4.0,4.0,4.0,4.0,4.0,5.0,4.0,52.0,48.0,4.0,52.83,91.0,2
4.76,3.0,3.0,3.0,5.0,5.0,5.0,5.0,5.0,5.0,5.0,5.0,5.0,5.0,5.0,5.0,5.0,5.0,48.0,30.0,4.0,52.07,88.0,2
3.9,3.0,3.0,3.0,4.0,4.0,4.0,4.0,4.0,4.0,4.0,4.0,4.0,4.0,4.0,4.0,5.0,4.0,51.0,50.0,4.0,49.04,91.0,2
4.31,4.0,4.0,5.0,4.0,4.0,4.0,4.0,4.0,5.0,4.0,5.0,4.0,5.0,4.0,5.0,4.0,5.0,53.0,50.0,4.0,57.02,91.0,2
4.77,3.0,3.0,3.0,5.0,5.0,5.0,5.0,5.0,5.0,5.0,5.0,5.0,5.0,5.0,5.0,5.0,5.0,46.0,30.0,4.0,57.89,87.0,2
4.27,3.0,3.0,4.0,5.0,4.0,5.0,4.0,5.0,4.0,5.0,4.0,5.0,4.0,5.0,4.0,5.0,4.0,56.0,45.0,5.0,60.06,90.0,2
4.24,4.0,4.0,4.0,4.0,4.0,4.0,4.0,4.0,5.0,4.0,5.0,4.0,5.0,4.0,5.0,5.0,5.0,53.0,48.0,4.0,56.48,91.0,2
4.8,4.0,4.0,4.0,5.0,5.0,5.0,5.0,5.0,5.0,5.0,5.0,5.0,5.0,5.0,5.0,5.0,5.0,50.0,31.0,4.0,50.36,90.0,2
4.03,3.0,3.0,3.0,4.0,4.0,4.0,4.0,4.0,4.0,4.0,4.0,4.0,4.0,4.0,4.0,4.0,4.0,51.0,50.0,4.0,51.58,91.0,2
4.79,3.0,3.0,3.0,5.0,5.0,5.0,5.0,5.0,5.0,5.0,5.0,5.0,5.0,5.0,5.0,5.0,5.0,44.0,30.0,4.0,59.91,86.0,2
4.06,4.0,4.0,4.0,4.0,4.0,4.0,4.0,4.0,4.0,4.0,4.0,4.0,4.0,4.0,4.0,5.0,4.0,52.0,39.0,4.0,57.94,90.0,2
4.8,3.0,3.0,3.0,5.0,5.0,5.0,5.0,5.0,5.0,5.0,5.0,5.0,5.0,5.0,5.0,5.0,5.0,46.0,30.0,4.0,56.71,87.0,2
4.24,4.0,4.0,4.0,4.0,4.0,4.0,4.0,4.0,4.0,4.0,4.0,4.0,4.0,4.0,4.0,4.0,4.0,52.0,48.0,4.0,56.4,90.0,2
4.77,3.0,3.0,3.0,5.0,5.0,5.0,5.0,5.0,5.0,5.0,5.0,5.0,5.0,5.0,5.0,5.0,5.0,44.0,30.0,4.0,59.93,86.0,2
4.29,4.0,4.0,5.0,4.0,4.0,4.0,4.0,4.0,5.0,4.0,5.0,4.0,5.0,4.0,5.0,4.0,5.0,53.0,49.0,4.0,56.98,91.0,2
4.07,4.0,4.0,4.0,4.0,4.0,4.0,4.0,4.0,4.0,4.0,4.0,5.0,4.0,5.0,4.0,5.0,4.0,49.0,50.0,4.0,52.74,90.0,2
4.26,4.0,4.0,5.0,4.0,4.0,4.0,4.0,4.0,5.0,4.0,5.0,4.0,5.0,4.0,5.0,4.0,5.0,53.0,50.0,4.0,55.86,91.0,2
4.21,4.0,4.0,4.0,4.0,4.0,4.0,4.0,4.0,4.0,4.0,4.0,4.0,4.0,4.0,4.0,5.0,4.0,53.0,46.0,4.0,56.86,90.0,2
4.71,4.0,4.0,4.0,5.0,5.0,5.0,5.0,5.0,5.0,5.0,5.0,5.0,5.0,5.0,5.0,5.0,5.0,47.0,31.0,4.0,54.34,89.0,2
4.28,4.0,4.0,4.0,4.0,4.0,4.0,4.0,4.0,5.0,4.0,5.0,4.0,5.0,4.0,5.0,4.0,5.0,53.0,49.0,4.0,56.94,91.0,2
4.76,5.0,5.0,4.0,5.0,5.0,5.0,5.0,5.0,5.0,5.0,5.0,5.0,5.0,4.0,5.0,4.0,5.0,36.0,49.0,4.0,87.08,0.0,4
4.78,5.0,5.0,4.0,5.0,5.0,5.0,5.0,5.0,5.0,5.0,5.0,5.0,5.0,4.0,5.0,4.0,5.0,36.0,49.0,4.0,88.47,0.0,4
4.66,5.0,5.0,4.0,5.0,5.0,5.0,5.0,5.0,5.0,5.0,5.0,5.0,5.0,4.0,5.0,4.0,5.0,36.0,48.0,4.0,80.45,0.0,4
4.68,5.0,5.0,3.0,5.0,5.0,5.0,5.0,5.0,5.0,5.0,5.0,5.0,5.0,4.0,5.0,4.0,5.0,37.0,47.0,4.0,78.27,0.0,4
4.62,5.0,5.0,4.0,5.0,5.0,5.0,5.0,5.0,5.0,5.0,5.0,5.0,5.0,4.0,5.0,4.0,5.0,37.0,48.0,4.0,77.58,0.0,4
4.79,5.0,5.0,4.0,5.0,5.0,5.0,5.0,5.0,5.0,5.0,5.0,5.0,5.0,4.0,5.0,4.0,5.0,36.0,49.0,4.0,89.06,0.0,4
4.79,5.0,5.0,4.0,5.0,5.0,5.0,5.0,5.0,5.0,5.0,5.0,5.0,5.0,4.0,5.0,4.0,5.0,36.0,49.0,4.0,89.01,0.0,4
4.75,5.0,5.0,5.0,5.0,5.0,5.0,5.0,5.0,5.0,5.0,5.0,5.0,5.0,5.0,5.0,5.0,5.0,36.0,50.0,4.0,86.63,0.0,4
4.76,5.0,5.0,4.0,5.0,5.0,5.0,5.0,5.0,5.0,5.0,5.0,5.0,5.0,4.0,5.0,4.0,5.0,36.0,49.0,4.0,86.96,0.0,4
4.79,5.0,5.0,5.0,5.0,5.0,5.0,5.0,5.0,5.0,5.0,5.0,5.0,5.0,5.0,5.0,5.0,5.0,36.0,50.0,4.0,88.83,0.0,4
4.78,5.0,5.0,4.0,5.0,5.0,5.0,5.0,5.0,5.0,5.0,5.0,5.0,5.0,4.0,5.0,4.0,5.0,36.0,49.0,4.0,88.44,0.0,4
4.78,5.0,5.0,4.0,5.0,5.0,5.0,5.0,5.0,5.0,5.0,5.0,5.0,5.0,4.0,5.0,4.0,5.0,36.0,49.0,4.0,88.44,0.0,4
4.78,5.0,5.0,4.0,5.0,5.0,5.0,5.0,5.0,5.0,5.0,5.0,5.0,5.0,4.0,5.0,4.0,5.0,36.0,49.0,4.0,88.62,0.0,4
4.76,5.0,5.0,4.0,5.0,5.0,5.0,5.0,5.0,5.0,5.0,5.0,5.0,5.0,4.0,5.0,4.0,5.0,36.0,49.0,4.0,86.87,0.0,4
4.73,5.0,5.0,4.0,5.0,5.0,5.0,5.0,5.0,5.0,5.0,5.0,5.0,5.0,4.0,5.0,4.0,5.0,36.0,47.0,4.0,82.6,0.0,4
4.76,5.0,5.0,4.0,5.0,5.0,5.0,5.0,5.0,5.0,5.0,5.0,5.0,5.0,4.0,5.0,4.0,5.0,36.0,48.0,4.0,85.68,0.0,4
4.67,5.0,5.0,4.0,5.0,5.0,5.0,5.0,5.0,5.0,5.0,5.0,5.0,5.0,5.0,5.0,5.0,5.0,36.0,47.0,4.0,78.42,0.0,4
4.76,5.0,5.0,4.0,5.0,5.0,5.0,5.0,5.0,5.0,5.0,5.0,5.0,5.0,4.0,5.0,4.0,5.0,36.0,49.0,4.0,86.96,0.0,4
4.79,5.0,5.0,4.0,5.0,5.0,5.0,5.0,5.0,5.0,5.0,5.0,5.0,5.0,4.0,5.0,4.0,5.0,36.0,49.0,4.0,88.75,0.0,4
4.65,5.0,5.0,4.0,5.0,5.0,5.0,5.0,5.0,5.0,5.0,5.0,5.0,5.0,4.0,5.0,4.0,5.0,36.0,48.0,4.0,80.48,0.0,4
4.67,5.0,5.0,4.0,5.0,5.0,5.0,5.0,5.0,5.0,5.0,5.0,5.0,5.0,5.0,5.0,5.0,5.0,36.0,47.0,4.0,78.48,0.0,4
4.7,5.0,5.0,4.0,5.0,5.0,5.0,5.0,5.0,5.0,5.0,5.0,5.0,5.0,5.0,5.0,5.0,5.0,36.0,47.0,4.0,80.26,0.0,4
4.8,5.0,5.0,4.0,5.0,5.0,5.0,5.0,5.0,5.0,5.0,5.0,5.0,5.0,4.0,5.0,4.0,5.0,36.0,50.0,5.0,89.32,0.0,4
4.73,5.0,5.0,4.0,5.0,5.0,5.0,5.0,5.0,5.0,5.0,5.0,5.0,5.0,4.0,5.0,4.0,5.0,36.0,47.0,4.0,82.64,0.0,4
4.79,5.0,5.0,5.0,5.0,5.0,5.0,5.0,5.0,5.0,5.0,5.0,5.0,5.0,5.0,5.0,5.0,5.0,36.0,50.0,4.0,88.91,0.0,4
4.8,5.0,5.0,5.0,5.0,5.0,5.0,5.0,5.0,5.0,5.0,5.0,5.0,5.0,5.0,5.0,5.0,5.0,36.0,50.0,4.0,89.22,0.0,4
4.76,5.0,5.0,4.0,5.0,5.0,5.0,5.0,5.0,5.0,5.0,5.0,5.0,5.0,4.0,5.0,4.0,5.0,36.0,49.0,4.0,87.04,0.0,4
4.79,5.0,5.0,4.0,5.0,5.0,5.0,5.0,5.0,5.0,5.0,5.0,5.0,5.0,4.0,5.0,4.0,5.0,36.0,49.0,4.0,89.05,0.0,4
4.8,5.0,5.0,4.0,5.0,5.0,5.0,5.0,5.0,5.0,5.0,5.0,5.0,5.0,4.0,5.0,4.0,5.0,36.0,50.0,5.0,89.43,0.0,4
4.75,5.0,5.0,5.0,5.0,5.0,5.0,5.0,5.0,5.0,5.0,5.0,5.0,5.0,5.0,5.0,5.0,5.0,36.0,50.0,4.0,86.64,0.0,4
4.75,5.0,5.0,5.0,5.0,5.0,5.0,5.0,5.0,5.0,5.0,5.0,5.0,5.0,5.0,5.0,5.0,5.0,36.0,50.0,4.0,86.64,0.0,4
4.76,5.0,5.0,4.0,5.0,5.0,5.0,5.0,5.0,5.0,5.0,5.0,5.0,5.0,4.0,5.0,4.0,5.0,36.0,49.0,4.0,86.79,0.0,4
4.64,5.0,5.0,4.0,5.0,5.0,5.0,5.0,5.0,5.0,5.0,5.0,5.0,5.0,4.0,5.0,4.0,5.0,37.0,47.0,4.0,76.82,0.0,4
4.76,5.0,5.0,5.0,5.0,5.0,5.0,5.0,5.0,5.0,5.0,5.0,5.0,5.0,5.0,5.0,5.0,5.0,36.0,50.0,4.0,87.42,0.0,4
4.73,5.0,5.0,4.0,5.0,5.0,5.0,5.0,5.0,5.0,5.0,5.0,5.0,5.0,4.0,5.0,4.0,5.0,36.0,47.0,4.0,82.53,0.0,4
4.69,5.0,5.0,4.0,5.0,5.0,5.0,5.0,5.0,5.0,5.0,5.0,5.0,5.0,4.0,5.0,4.0,5.0,36.0,48.0,4.0,81.65,0.0,4
4.78,5.0,5.0,5.0,5.0,5.0,5.0,5.0,5.0,5.0,5.0,5.0,5.0,5.0,5.0,5.0,5.0,5.0,36.0,50.0,4.0,88.31,0.0,4
4.67,5.0,5.0,4.0,5.0,5.0,5.0,5.0,5.0,5.0,5.0,5.0,5.0,5.0,4.0,5.0,4.0,5.0,36.0,47.0,4.0,77.91,0.0,4
4.77,5.0,5.0,4.0,5.0,5.0,5.0,5.0,5.0,5.0,5.0,5.0,5.0,5.0,4.0,5.0,4.0,5.0,36.0,49.0,4.0,87.64,0.0,4
4.02,3.0,3.0,3.0,4.0,4.0,4.0,4.0,4.0,4.0,4.0,4.0,4.0,4.0,4.0,4.0,4.0,4.0,43.0,50.0,4.0,44.9,77.0,9
4.2,3.0,4.0,4.0,4.0,4.0,4.0,4.0,4.0,4.0,5.0,4.0,5.0,4.0,5.0,4.0,5.0,4.0,40.0,49.0,4.0,54.83,70.0,9
4.24,3.0,4.0,4.0,4.0,4.0,4.0,4.0,4.0,4.0,5.0,4.0,5.0,4.0,5.0,4.0,5.0,4.0,39.0,43.0,4.0,55.82,68.0,9
4.21,3.0,4.0,4.0,4.0,4.0,4.0,4.0,4.0,4.0,5.0,4.0,5.0,4.0,5.0,4.0,5.0,4.0,41.0,49.0,4.0,55.74,71.0,9
4.17,3.0,3.0,3.0,4.0,4.0,4.0,4.0,4.0,4.0,4.0,4.0,4.0,4.0,4.0,4.0,4.0,4.0,41.0,48.0,4.0,44.7,77.0,9
4.0,3.0,3.0,5.0,4.0,4.0,4.0,4.0,4.0,4.0,4.0,4.0,4.0,4.0,4.0,4.0,3.0,4.0,50.0,58.0,5.0,62.15,73.0,9
4.32,3.0,4.0,4.0,4.0,4.0,4.0,4.0,4.0,4.0,5.0,4.0,5.0,4.0,5.0,4.0,5.0,4.0,36.0,39.0,4.0,55.51,66.0,9
4.19,3.0,4.0,4.0,4.0,4.0,4.0,4.0,4.0,4.0,5.0,4.0,5.0,4.0,5.0,4.0,5.0,4.0,42.0,50.0,4.0,55.72,72.0,9
4.01,3.0,3.0,3.0,4.0,4.0,4.0,4.0,4.0,4.0,4.0,4.0,4.0,4.0,4.0,4.0,4.0,4.0,43.0,50.0,4.0,44.16,78.0,9
4.07,3.0,3.0,5.0,4.0,4.0,4.0,4.0,4.0,4.0,4.0,4.0,4.0,4.0,4.0,4.0,3.0,4.0,50.0,60.0,5.0,63.33,73.0,9
3.99,3.0,3.0,5.0,4.0,4.0,4.0,4.0,4.0,4.0,4.0,4.0,4.0,4.0,4.0,4.0,3.0,4.0,49.0,58.0,5.0,61.96,73.0,9
4.03,3.0,3.0,5.0,4.0,4.0,4.0,4.0,4.0,4.0,4.0,4.0,4.0,4.0,4.0,4.0,3.0,4.0,50.0,59.0,5.0,62.67,73.0,9
3.98,3.0,3.0,5.0,4.0,4.0,4.0,4.0,4.0,4.0,4.0,4.0,4.0,4.0,4.0,4.0,3.0,4.0,49.0,58.0,5.0,61.8,73.0,9
4.3,4.0,4.0,4.0,4.0,4.0,4.0,4.0,5.0,4.0,5.0,4.0,5.0,4.0,5.0,4.0,5.0,4.0,36.0,40.0,4.0,55.52,66.0,9
4.3,3.0,4.0,4.0,4.0,4.0,4.0,4.0,4.0,4.0,5.0,4.0,5.0,4.0,5.0,4.0,5.0,4.0,36.0,39.0,4.0,55.54,66.0,9
4.28,3.0,4.0,4.0,4.0,4.0,4.0,4.0,4.0,4.0,5.0,4.0,5.0,4.0,5.0,4.0,5.0,4.0,36.0,40.0,4.0,55.56,66.0,9
4.01,3.0,3.0,5.0,4.0,4.0,4.0,4.0,4.0,4.0,4.0,4.0,4.0,4.0,4.0,4.0,3.0,4.0,50.0,58.0,5.0,62.31,73.0,9
4.1,3.0,3.0,3.0,4.0,4.0,4.0,4.0,4.0,4.0,4.0,4.0,5.0,4.0,5.0,4.0,5.0,4.0,40.0,55.0,4.0,50.26,71.0,9
4.25,3.0,4.0,4.0,4.0,4.0,4.0,4.0,4.0,4.0,5.0,4.0,5.0,4.0,5.0,4.0,5.0,4.0,38.0,42.0,4.0,55.71,67.0,9
3.97,3.0,3.0,5.0,4.0,4.0,4.0,4.0,4.0,4.0,4.0,4.0,4.0,4.0,4.0,4.0,3.0,4.0,49.0,57.0,5.0,61.52,73.0,9
4.18,3.0,4.0,4.0,4.0,4.0,4.0,4.0,4.0,4.0,5.0,4.0,5.0,4.0,5.0,4.0,5.0,4.0,42.0,50.0,4.0,55.79,72.0,9
4.32,4.0,4.0,4.0,4.0,4.0,4.0,4.0,5.0,4.0,5.0,4.0,5.0,4.0,5.0,4.0,5.0,4.0,36.0,40.0,4.0,55.5,66.0,9
3.91,3.0,3.0,5.0,4.0,4.0,4.0,4.0,4.0,4.0,4.0,4.0,4.0,4.0,4.0,4.0,3.0,4.0,49.0,56.0,5.0,60.58,74.0,9
4.3,3.0,4.0,4.0,4.0,4.0,4.0,4.0,4.0,4.0,5.0,4.0,5.0,4.0,5.0,4.0,5.0,4.0,36.0,39.0,4.0,55.54,66.0,9
4.27,3.0,4.0,4.0,4.0,4.0,4.0,4.0,4.0,4.0,5.0,4.0,5.0,4.0,5.0,4.0,5.0,4.0,37.0,42.0,4.0,55.61,67.0,9
4.3,4.0,4.0,4.0,4.0,4.0,4.0,4.0,5.0,4.0,5.0,4.0,5.0,4.0,5.0,4.0,5.0,4.0,36.0,39.0,4.0,55.55,66.0,9
4.19,3.0,4.0,4.0,4.0,4.0,4.0,4.0,4.0,4.0,5.0,4.0,5.0,4.0,5.0,4.0,5.0,4.0,41.0,49.0,4.0,56.22,71.0,9
4.18,3.0,4.0,4.0,4.0,4.0,4.0,4.0,4.0,4.0,5.0,4.0,5.0,4.0,5.0,4.0,5.0,4.0,41.0,52.0,4.0,54.1,71.0,9
4.33,4.0,4.0,4.0,4.0,4.0,4.0,4.0,5.0,4.0,5.0,4.0,5.0,4.0,5.0,4.0,5.0,4.0,37.0,39.0,4.0,55.49,67.0,9
4.17,3.0,4.0,4.0,4.0,4.0,4.0,4.0,4.0,4.0,5.0,4.0,5.0,4.0,5.0,4.0,5.0,4.0,43.0,50.0,4.0,55.89,72.0,9
4.15,3.0,3.0,4.0,4.0,4.0,4.0,4.0,4.0,4.0,4.0,4.0,4.0,4.0,4.0,4.0,4.0,4.0,43.0,50.0,4.0,56.22,72.0,9
4.3,4.0,4.0,4.0,4.0,4.0,4.0,4.0,5.0,4.0,5.0,4.0,5.0,4.0,5.0,4.0,5.0,4.0,36.0,40.0,4.0,55.53,66.0,9
4.03,3.0,3.0,5.0,4.0,4.0,4.0,4.0,4.0,4.0,4.0,4.0,4.0,4.0,4.0,4.0,3.0,4.0,50.0,59.0,5.0,62.71,73.0,9
4.21,3.0,4.0,4.0,4.0,4.0,4.0,4.0,4.0,4.0,5.0,4.0,5.0,4.0,5.0,4.0,5.0,4.0,41.0,49.0,4.0,55.56,71.0,9
4.3,4.0,4.0,4.0,4.0,4.0,4.0,4.0,5.0,4.0,5.0,4.0,5.0,4.0,5.0,4.0,5.0,4.0,36.0,39.0,4.0,55.55,66.0,9
4.31,4.0,4.0,4.0,4.0,4.0,4.0,4.0,5.0,4.0,5.0,4.0,5.0,4.0,5.0,4.0,5.0,4.0,36.0,40.0,4.0,55.52,66.0,9
4.0,3.0,3.0,5.0,4.0,4.0,4.0,4.0,4.0,4.0,4.0,4.0,4.0,4.0,4.0,4.0,3.0,4.0,49.0,59.0,5.0,62.17,73.0,9
4.21,3.0,4.0,4.0,4.0,4.0,4.0,4.0,4.0,4.0,5.0,4.0,5.0,4.0,5.0,4.0,5.0,4.0,40.0,49.0,4.0,55.13,70.0,9
4.33,4.0,4.0,4.0,4.0,4.0,4.0,4.0,5.0,4.0,5.0,4.0,5.0,4.0,5.0,4.0,5.0,4.0,36.0,40.0,4.0,55.5,66.0,9
4.21,3.0,4.0,4.0,4.0,4.0,4.0,4.0,4.0,4.0,5.0,4.0,5.0,4.0,5.0,4.0,5.0,4.0,40.0,49.0,4.0,55.19,70.0,9
4.1,3.0,4.0,4.0,4.0,4.0,4.0,4.0,4.0,4.0,5.0,4.0,5.0,4.0,5.0,4.0,4.0,4.0,40.0,49.0,4.0,59.66,73.0,9
4.33,4.0,4.0,4.0,4.0,4.0,4.0,4.0,5.0,4.0,5.0,4.0,5.0,4.0,5.0,4.0,5.0,4.0,37.0,39.0,4.0,55.5,67.0,9
